{
    "0": {
        "0": 1,
        "1": 2,
        "2": 3,
        "3": 4,
        "4": 5,
        "5": 6,
        "6": 7,
        "7": 8,
        "8": 9,
        "9": 10,
        "10": 11,
        "11": 12,
        "12": 13,
        "13": 14,
        "14": 15,
        "15": 16,
        "16": 17,
        "17": 18,
        "18": 19,
        "19": 20,
        "20": 21,
        "21": 22,
        "22": 23,
        "23": 24,
        "24": 25,
        "25": 26,
        "26": 27,
        "27": 28,
        "28": 29,
        "29": 30,
        "30": 31,
        "31": 32,
        "32": 33,
        "33": 34,
        "34": 35,
        "35": 36,
        "36": 37,
        "37": 38,
        "38": 39,
        "39": 40,
        "40": 41,
        "41": 42,
        "42": 43,
        "43": 44,
        "44": 45,
        "45": 46,
        "46": 47,
        "47": 48,
        "48": 49,
        "49": 50,
        "50": 51,
        "51": 52,
        "52": 53,
        "53": 54,
        "54": 55,
        "55": 56,
        "56": 57,
        "57": 58,
        "58": 59,
        "59": 60,
        "60": 61,
        "61": 62,
        "62": 63,
        "63": 64,
        "64": 65,
        "65": 66,
        "66": 67,
        "67": 68,
        "68": 69,
        "69": 70,
        "70": 71,
        "71": 72,
        "72": 73,
        "73": 74,
        "74": 75,
        "75": 76,
        "76": 77,
        "77": 78,
        "78": 79,
        "79": 80,
        "80": 81,
        "81": 82,
        "82": 83,
        "83": 84,
        "84": 85,
        "85": 86,
        "86": 87,
        "87": 88,
        "88": 89,
        "89": 90,
        "90": 91,
        "91": 92,
        "92": 93,
        "93": 94,
        "94": 95,
        "95": 96,
        "96": 97,
        "97": 98,
        "98": 99,
        "99": 100,
        "100": 101,
        "101": 102,
        "102": 103,
        "103": 104,
        "104": 105,
        "105": 106,
        "106": 107,
        "107": 108,
        "108": 109,
        "109": 110,
        "110": 111,
        "111": 112,
        "112": 113,
        "113": 114,
        "114": 115,
        "115": 116,
        "116": 117,
        "117": 118,
        "118": 119,
        "119": 120,
        "120": 121,
        "121": 122,
        "122": 123,
        "123": 124,
        "124": 125,
        "125": 126,
        "126": 127,
        "127": 128,
        "128": 129,
        "129": 130,
        "130": 131,
        "131": 132,
        "132": 133,
        "133": 134,
        "134": 135,
        "135": 136,
        "136": 137,
        "137": 138,
        "138": 139,
        "139": 140,
        "140": 141,
        "141": 142,
        "142": 143,
        "143": 144,
        "144": 145,
        "145": 146,
        "146": 147,
        "147": 148,
        "148": 149,
        "149": 150,
        "150": 151,
        "151": 152,
        "152": 153,
        "153": 154,
        "154": 155,
        "155": 156,
        "156": 157,
        "157": 158,
        "158": 159,
        "159": 160,
        "160": 161,
        "161": 162,
        "162": 163,
        "163": 164,
        "164": 165,
        "165": 166,
        "166": 167,
        "167": 168,
        "168": 169,
        "169": 170,
        "170": 171,
        "171": 172,
        "172": 173,
        "173": 174,
        "174": 175,
        "175": 176,
        "176": 177,
        "177": 178,
        "178": 179,
        "179": 180,
        "180": 181,
        "181": 182,
        "182": 183,
        "183": 184,
        "184": 185,
        "185": 186,
        "186": 187,
        "187": 188,
        "188": 189,
        "189": 190,
        "190": 191,
        "191": 192,
        "192": 193,
        "193": 194,
        "194": 195,
        "195": 196,
        "196": 197,
        "197": 198,
        "198": 199,
        "199": 200,
        "200": 201,
        "201": 202,
        "202": 203,
        "203": 204,
        "204": 205,
        "205": 206,
        "206": 207,
        "207": 208,
        "208": 209,
        "209": 210,
        "210": 211,
        "211": 212,
        "212": 213,
        "213": 214,
        "214": 215,
        "215": 216,
        "216": 217,
        "217": 218,
        "218": 219,
        "219": 220,
        "220": 221,
        "221": 222,
        "222": 223,
        "223": 224,
        "224": 225,
        "225": 226,
        "226": 227,
        "227": 228,
        "228": 229,
        "229": 230,
        "230": 231,
        "231": 232,
        "232": 233,
        "233": 234,
        "234": 235,
        "235": 236,
        "236": 237,
        "237": 238,
        "238": 239,
        "239": 240,
        "240": 241,
        "241": 242,
        "242": 243,
        "243": 244,
        "244": 245,
        "245": 246,
        "246": 247,
        "247": 248,
        "248": 249,
        "249": 250,
        "250": 251,
        "251": 252
    },
    "1": {
        "0": 12.6,
        "1": 6.9,
        "2": 24.6,
        "3": 10.9,
        "4": 27.8,
        "5": 20.6,
        "6": 19.0,
        "7": 12.8,
        "8": 5.1,
        "9": 12.0,
        "10": 7.5,
        "11": 8.5,
        "12": 20.5,
        "13": 20.8,
        "14": 21.7,
        "15": 20.5,
        "16": 28.1,
        "17": 22.4,
        "18": 16.1,
        "19": 16.5,
        "20": 19.0,
        "21": 15.3,
        "22": 15.7,
        "23": 17.6,
        "24": 14.2,
        "25": 4.6,
        "26": 8.5,
        "27": 22.4,
        "28": 4.7,
        "29": 9.4,
        "30": 12.3,
        "31": 6.5,
        "32": 13.4,
        "33": 20.9,
        "34": 31.1,
        "35": 38.2,
        "36": 23.6,
        "37": 27.5,
        "38": 33.8,
        "39": 31.3,
        "40": 33.1,
        "41": 31.7,
        "42": 30.4,
        "43": 30.8,
        "44": 8.4,
        "45": 14.1,
        "46": 11.2,
        "47": 6.4,
        "48": 13.4,
        "49": 5.0,
        "50": 10.7,
        "51": 7.4,
        "52": 8.7,
        "53": 7.1,
        "54": 4.9,
        "55": 22.2,
        "56": 20.1,
        "57": 27.1,
        "58": 30.4,
        "59": 24.0,
        "60": 25.4,
        "61": 28.8,
        "62": 29.6,
        "63": 25.1,
        "64": 31.0,
        "65": 28.9,
        "66": 21.1,
        "67": 14.0,
        "68": 7.1,
        "69": 13.2,
        "70": 23.7,
        "71": 9.4,
        "72": 9.1,
        "73": 13.7,
        "74": 12.0,
        "75": 18.3,
        "76": 9.2,
        "77": 21.7,
        "78": 21.1,
        "79": 18.6,
        "80": 30.2,
        "81": 26.0,
        "82": 18.2,
        "83": 26.2,
        "84": 26.1,
        "85": 25.8,
        "86": 15.0,
        "87": 22.6,
        "88": 8.8,
        "89": 14.3,
        "90": 20.2,
        "91": 18.1,
        "92": 9.2,
        "93": 24.2,
        "94": 9.6,
        "95": 17.3,
        "96": 10.1,
        "97": 11.1,
        "98": 17.7,
        "99": 21.7,
        "100": 20.8,
        "101": 20.1,
        "102": 19.8,
        "103": 21.9,
        "104": 24.7,
        "105": 17.8,
        "106": 19.1,
        "107": 18.2,
        "108": 17.2,
        "109": 21.0,
        "110": 19.5,
        "111": 27.1,
        "112": 21.6,
        "113": 20.9,
        "114": 25.9,
        "115": 16.7,
        "116": 19.8,
        "117": 14.1,
        "118": 25.1,
        "119": 17.9,
        "120": 27.0,
        "121": 24.6,
        "122": 14.8,
        "123": 16.0,
        "124": 14.0,
        "125": 17.4,
        "126": 26.4,
        "127": 17.4,
        "128": 20.4,
        "129": 15.0,
        "130": 18.0,
        "131": 22.2,
        "132": 23.1,
        "133": 25.3,
        "134": 23.8,
        "135": 26.3,
        "136": 21.4,
        "137": 28.4,
        "138": 21.8,
        "139": 20.1,
        "140": 24.3,
        "141": 18.1,
        "142": 22.7,
        "143": 9.9,
        "144": 10.8,
        "145": 14.4,
        "146": 19.0,
        "147": 28.6,
        "148": 6.1,
        "149": 24.5,
        "150": 9.9,
        "151": 19.1,
        "152": 10.6,
        "153": 16.5,
        "154": 20.5,
        "155": 17.2,
        "156": 30.1,
        "157": 10.5,
        "158": 12.8,
        "159": 22.0,
        "160": 9.9,
        "161": 14.8,
        "162": 13.3,
        "163": 15.2,
        "164": 26.5,
        "165": 19.0,
        "166": 21.4,
        "167": 20.0,
        "168": 34.7,
        "169": 16.5,
        "170": 4.1,
        "171": 1.9,
        "172": 20.2,
        "173": 16.8,
        "174": 24.6,
        "175": 10.4,
        "176": 13.4,
        "177": 28.8,
        "178": 22.0,
        "179": 16.8,
        "180": 25.8,
        "181": 0.0,
        "182": 11.9,
        "183": 12.4,
        "184": 17.4,
        "185": 9.2,
        "186": 23.0,
        "187": 20.1,
        "188": 20.2,
        "189": 23.8,
        "190": 11.8,
        "191": 36.5,
        "192": 16.0,
        "193": 24.0,
        "194": 22.3,
        "195": 24.8,
        "196": 21.5,
        "197": 17.6,
        "198": 7.3,
        "199": 22.6,
        "200": 12.5,
        "201": 21.7,
        "202": 27.7,
        "203": 6.8,
        "204": 33.4,
        "205": 16.6,
        "206": 31.7,
        "207": 31.5,
        "208": 10.1,
        "209": 11.3,
        "210": 7.8,
        "211": 26.4,
        "212": 19.3,
        "213": 18.5,
        "214": 19.3,
        "215": 45.1,
        "216": 13.8,
        "217": 8.2,
        "218": 23.9,
        "219": 15.1,
        "220": 12.7,
        "221": 25.3,
        "222": 11.9,
        "223": 6.1,
        "224": 11.3,
        "225": 12.8,
        "226": 14.9,
        "227": 24.5,
        "228": 15.0,
        "229": 16.9,
        "230": 11.1,
        "231": 16.1,
        "232": 15.5,
        "233": 25.9,
        "234": 25.5,
        "235": 18.4,
        "236": 24.0,
        "237": 26.4,
        "238": 12.7,
        "239": 28.8,
        "240": 17.0,
        "241": 33.6,
        "242": 29.3,
        "243": 31.4,
        "244": 28.1,
        "245": 15.3,
        "246": 29.1,
        "247": 11.5,
        "248": 32.3,
        "249": 28.3,
        "250": 25.3,
        "251": 30.7
    },
    "2": {
        "0": 12.3,
        "1": 6.1,
        "2": 25.3,
        "3": 10.4,
        "4": 28.7,
        "5": 20.9,
        "6": 19.2,
        "7": 12.4,
        "8": 4.1,
        "9": 11.7,
        "10": 7.1,
        "11": 7.8,
        "12": 20.8,
        "13": 21.2,
        "14": 22.1,
        "15": 20.9,
        "16": 29.0,
        "17": 22.9,
        "18": 16.0,
        "19": 16.5,
        "20": 19.1,
        "21": 15.2,
        "22": 15.6,
        "23": 17.7,
        "24": 14.0,
        "25": 3.7,
        "26": 7.9,
        "27": 22.9,
        "28": 3.7,
        "29": 8.8,
        "30": 11.9,
        "31": 5.7,
        "32": 11.8,
        "33": 21.3,
        "34": 32.3,
        "35": 40.1,
        "36": 24.2,
        "37": 28.4,
        "38": 35.2,
        "39": 32.6,
        "40": 34.5,
        "41": 32.9,
        "42": 31.6,
        "43": 32.0,
        "44": 7.7,
        "45": 13.9,
        "46": 10.8,
        "47": 5.6,
        "48": 13.6,
        "49": 4.0,
        "50": 10.2,
        "51": 6.6,
        "52": 8.0,
        "53": 6.3,
        "54": 3.9,
        "55": 22.6,
        "56": 20.4,
        "57": 28.0,
        "58": 31.5,
        "59": 24.6,
        "60": 26.1,
        "61": 29.8,
        "62": 30.7,
        "63": 25.8,
        "64": 32.3,
        "65": 30.0,
        "66": 21.5,
        "67": 13.8,
        "68": 6.3,
        "69": 12.9,
        "70": 24.3,
        "71": 8.8,
        "72": 8.5,
        "73": 13.5,
        "74": 11.8,
        "75": 18.5,
        "76": 8.8,
        "77": 22.2,
        "78": 21.5,
        "79": 18.8,
        "80": 31.4,
        "81": 26.8,
        "82": 18.4,
        "83": 27.0,
        "84": 27.0,
        "85": 26.6,
        "86": 14.9,
        "87": 23.1,
        "88": 8.3,
        "89": 14.1,
        "90": 20.5,
        "91": 18.2,
        "92": 8.5,
        "93": 24.9,
        "94": 9.0,
        "95": 17.4,
        "96": 9.6,
        "97": 11.3,
        "98": 17.8,
        "99": 22.2,
        "100": 21.2,
        "101": 20.4,
        "102": 20.1,
        "103": 22.3,
        "104": 25.4,
        "105": 18.0,
        "106": 19.3,
        "107": 18.3,
        "108": 17.3,
        "109": 21.4,
        "110": 19.7,
        "111": 28.0,
        "112": 22.1,
        "113": 21.3,
        "114": 26.7,
        "115": 16.7,
        "116": 20.1,
        "117": 13.9,
        "118": 25.8,
        "119": 18.1,
        "120": 27.9,
        "121": 25.3,
        "122": 14.7,
        "123": 16.0,
        "124": 13.8,
        "125": 17.5,
        "126": 27.2,
        "127": 17.4,
        "128": 20.8,
        "129": 14.9,
        "130": 18.1,
        "131": 22.7,
        "132": 23.6,
        "133": 26.1,
        "134": 24.4,
        "135": 27.1,
        "136": 21.8,
        "137": 29.4,
        "138": 22.4,
        "139": 20.4,
        "140": 24.9,
        "141": 18.3,
        "142": 23.3,
        "143": 9.4,
        "144": 10.3,
        "145": 14.2,
        "146": 19.2,
        "147": 29.6,
        "148": 5.3,
        "149": 25.2,
        "150": 9.4,
        "151": 19.6,
        "152": 10.1,
        "153": 16.5,
        "154": 21.0,
        "155": 17.3,
        "156": 31.2,
        "157": 10.0,
        "158": 12.5,
        "159": 22.5,
        "160": 9.4,
        "161": 14.6,
        "162": 13.0,
        "163": 15.1,
        "164": 27.3,
        "165": 19.2,
        "166": 21.8,
        "167": 20.3,
        "168": 34.3,
        "169": 16.5,
        "170": 3.0,
        "171": 0.7,
        "172": 20.5,
        "173": 16.9,
        "174": 25.3,
        "175": 9.9,
        "176": 13.1,
        "177": 29.9,
        "178": 22.5,
        "179": 16.9,
        "180": 26.6,
        "181": 0.0,
        "182": 11.5,
        "183": 12.1,
        "184": 17.5,
        "185": 8.6,
        "186": 23.6,
        "187": 20.4,
        "188": 20.5,
        "189": 24.4,
        "190": 11.4,
        "191": 38.1,
        "192": 15.9,
        "193": 24.7,
        "194": 22.8,
        "195": 25.5,
        "196": 22.0,
        "197": 17.7,
        "198": 6.6,
        "199": 23.6,
        "200": 12.2,
        "201": 22.1,
        "202": 28.7,
        "203": 6.0,
        "204": 34.8,
        "205": 16.6,
        "206": 32.9,
        "207": 32.8,
        "208": 9.6,
        "209": 10.8,
        "210": 7.1,
        "211": 27.2,
        "212": 19.5,
        "213": 18.7,
        "214": 19.5,
        "215": 47.5,
        "216": 13.6,
        "217": 7.5,
        "218": 24.5,
        "219": 15.0,
        "220": 12.4,
        "221": 26.0,
        "222": 11.5,
        "223": 5.2,
        "224": 10.9,
        "225": 12.5,
        "226": 14.8,
        "227": 25.2,
        "228": 14.9,
        "229": 17.0,
        "230": 10.6,
        "231": 16.1,
        "232": 15.4,
        "233": 26.7,
        "234": 25.8,
        "235": 18.6,
        "236": 24.8,
        "237": 27.3,
        "238": 12.4,
        "239": 29.9,
        "240": 17.0,
        "241": 35.0,
        "242": 30.4,
        "243": 32.6,
        "244": 29.0,
        "245": 15.2,
        "246": 30.2,
        "247": 11.0,
        "248": 33.6,
        "249": 29.3,
        "250": 26.0,
        "251": 31.9
    },
    "3": {
        "0": 1.0708,
        "1": 1.0853,
        "2": 1.0414,
        "3": 1.0751,
        "4": 1.034,
        "5": 1.0502,
        "6": 1.0549,
        "7": 1.0704,
        "8": 1.09,
        "9": 1.0722,
        "10": 1.083,
        "11": 1.0812,
        "12": 1.0513,
        "13": 1.0505,
        "14": 1.0484,
        "15": 1.0512,
        "16": 1.0333,
        "17": 1.0468,
        "18": 1.0622,
        "19": 1.061,
        "20": 1.0551,
        "21": 1.064,
        "22": 1.0631,
        "23": 1.0584,
        "24": 1.0668,
        "25": 1.0911,
        "26": 1.0811,
        "27": 1.0468,
        "28": 1.091,
        "29": 1.079,
        "30": 1.0716,
        "31": 1.0862,
        "32": 1.0719,
        "33": 1.0502,
        "34": 1.0263,
        "35": 1.0101,
        "36": 1.0438,
        "37": 1.0346,
        "38": 1.0202,
        "39": 1.0258,
        "40": 1.0217,
        "41": 1.025,
        "42": 1.0279,
        "43": 1.0269,
        "44": 1.0814,
        "45": 1.067,
        "46": 1.0742,
        "47": 1.0665,
        "48": 1.0678,
        "49": 1.0903,
        "50": 1.0756,
        "51": 1.084,
        "52": 1.0807,
        "53": 1.0848,
        "54": 1.0906,
        "55": 1.0473,
        "56": 1.0524,
        "57": 1.0356,
        "58": 1.028,
        "59": 1.043,
        "60": 1.0396,
        "61": 1.0317,
        "62": 1.0298,
        "63": 1.0403,
        "64": 1.0264,
        "65": 1.0313,
        "66": 1.0499,
        "67": 1.0673,
        "68": 1.0847,
        "69": 1.0693,
        "70": 1.0439,
        "71": 1.0788,
        "72": 1.0796,
        "73": 1.068,
        "74": 1.072,
        "75": 1.0666,
        "76": 1.079,
        "77": 1.0483,
        "78": 1.0498,
        "79": 1.056,
        "80": 1.0283,
        "81": 1.0382,
        "82": 1.0568,
        "83": 1.0377,
        "84": 1.0378,
        "85": 1.0386,
        "86": 1.0648,
        "87": 1.0462,
        "88": 1.08,
        "89": 1.0666,
        "90": 1.052,
        "91": 1.0573,
        "92": 1.0795,
        "93": 1.0424,
        "94": 1.0785,
        "95": 1.0991,
        "96": 1.077,
        "97": 1.073,
        "98": 1.0582,
        "99": 1.0484,
        "100": 1.0506,
        "101": 1.0524,
        "102": 1.053,
        "103": 1.048,
        "104": 1.0412,
        "105": 1.0578,
        "106": 1.0547,
        "107": 1.0569,
        "108": 1.0593,
        "109": 1.05,
        "110": 1.0538,
        "111": 1.0355,
        "112": 1.0486,
        "113": 1.0503,
        "114": 1.0384,
        "115": 1.0607,
        "116": 1.0529,
        "117": 1.0671,
        "118": 1.0404,
        "119": 1.0575,
        "120": 1.0358,
        "121": 1.0414,
        "122": 1.0652,
        "123": 1.0623,
        "124": 1.0674,
        "125": 1.0587,
        "126": 1.0373,
        "127": 1.059,
        "128": 1.0515,
        "129": 1.0648,
        "130": 1.0575,
        "131": 1.0472,
        "132": 1.0452,
        "133": 1.0398,
        "134": 1.0435,
        "135": 1.0374,
        "136": 1.0491,
        "137": 1.0325,
        "138": 1.0481,
        "139": 1.0522,
        "140": 1.0422,
        "141": 1.0571,
        "142": 1.0459,
        "143": 1.0775,
        "144": 1.0754,
        "145": 1.0664,
        "146": 1.055,
        "147": 1.0322,
        "148": 1.0873,
        "149": 1.0416,
        "150": 1.0776,
        "151": 1.0542,
        "152": 1.0758,
        "153": 1.061,
        "154": 1.051,
        "155": 1.0594,
        "156": 1.0287,
        "157": 1.0761,
        "158": 1.0704,
        "159": 1.0477,
        "160": 1.0775,
        "161": 1.0653,
        "162": 1.069,
        "163": 1.0644,
        "164": 1.037,
        "165": 1.0549,
        "166": 1.0492,
        "167": 1.0525,
        "168": 1.018,
        "169": 1.061,
        "170": 1.0926,
        "171": 1.0983,
        "172": 1.0521,
        "173": 1.0603,
        "174": 1.0414,
        "175": 1.0763,
        "176": 1.0689,
        "177": 1.0316,
        "178": 1.0477,
        "179": 1.0603,
        "180": 1.0387,
        "181": 1.1089,
        "182": 1.0725,
        "183": 1.0713,
        "184": 1.0587,
        "185": 1.0794,
        "186": 1.0453,
        "187": 1.0524,
        "188": 1.052,
        "189": 1.0434,
        "190": 1.0728,
        "191": 1.014,
        "192": 1.0624,
        "193": 1.0429,
        "194": 1.047,
        "195": 1.0411,
        "196": 1.0488,
        "197": 1.0583,
        "198": 1.0841,
        "199": 1.0462,
        "200": 1.0709,
        "201": 1.0484,
        "202": 1.034,
        "203": 1.0854,
        "204": 1.0209,
        "205": 1.061,
        "206": 1.025,
        "207": 1.0254,
        "208": 1.0771,
        "209": 1.0742,
        "210": 1.0829,
        "211": 1.0373,
        "212": 1.0543,
        "213": 1.0561,
        "214": 1.0543,
        "215": 0.995,
        "216": 1.0678,
        "217": 1.0819,
        "218": 1.0433,
        "219": 1.0646,
        "220": 1.0706,
        "221": 1.0399,
        "222": 1.0726,
        "223": 1.0874,
        "224": 1.074,
        "225": 1.0703,
        "226": 1.065,
        "227": 1.0418,
        "228": 1.0647,
        "229": 1.0601,
        "230": 1.0745,
        "231": 1.062,
        "232": 1.0636,
        "233": 1.0384,
        "234": 1.0403,
        "235": 1.0563,
        "236": 1.0424,
        "237": 1.0372,
        "238": 1.0705,
        "239": 1.0316,
        "240": 1.0599,
        "241": 1.0207,
        "242": 1.0304,
        "243": 1.0256,
        "244": 1.0334,
        "245": 1.0641,
        "246": 1.0308,
        "247": 1.0736,
        "248": 1.0236,
        "249": 1.0328,
        "250": 1.0399,
        "251": 1.0271
    },
    "4": {
        "0": 23,
        "1": 22,
        "2": 22,
        "3": 26,
        "4": 24,
        "5": 24,
        "6": 26,
        "7": 25,
        "8": 25,
        "9": 23,
        "10": 26,
        "11": 27,
        "12": 32,
        "13": 30,
        "14": 35,
        "15": 35,
        "16": 34,
        "17": 32,
        "18": 28,
        "19": 33,
        "20": 28,
        "21": 28,
        "22": 31,
        "23": 32,
        "24": 28,
        "25": 27,
        "26": 34,
        "27": 31,
        "28": 27,
        "29": 29,
        "30": 32,
        "31": 29,
        "32": 27,
        "33": 41,
        "34": 41,
        "35": 49,
        "36": 40,
        "37": 50,
        "38": 46,
        "39": 50,
        "40": 45,
        "41": 44,
        "42": 48,
        "43": 41,
        "44": 39,
        "45": 43,
        "46": 40,
        "47": 39,
        "48": 45,
        "49": 47,
        "50": 47,
        "51": 40,
        "52": 51,
        "53": 49,
        "54": 42,
        "55": 54,
        "56": 58,
        "57": 62,
        "58": 54,
        "59": 61,
        "60": 62,
        "61": 56,
        "62": 54,
        "63": 61,
        "64": 57,
        "65": 55,
        "66": 54,
        "67": 55,
        "68": 54,
        "69": 55,
        "70": 62,
        "71": 55,
        "72": 56,
        "73": 55,
        "74": 61,
        "75": 61,
        "76": 57,
        "77": 69,
        "78": 81,
        "79": 66,
        "80": 67,
        "81": 64,
        "82": 64,
        "83": 70,
        "84": 72,
        "85": 67,
        "86": 72,
        "87": 64,
        "88": 46,
        "89": 48,
        "90": 46,
        "91": 44,
        "92": 47,
        "93": 46,
        "94": 47,
        "95": 53,
        "96": 38,
        "97": 50,
        "98": 46,
        "99": 47,
        "100": 49,
        "101": 48,
        "102": 41,
        "103": 49,
        "104": 43,
        "105": 43,
        "106": 43,
        "107": 52,
        "108": 43,
        "109": 40,
        "110": 43,
        "111": 43,
        "112": 47,
        "113": 42,
        "114": 48,
        "115": 40,
        "116": 48,
        "117": 51,
        "118": 40,
        "119": 44,
        "120": 52,
        "121": 44,
        "122": 40,
        "123": 47,
        "124": 50,
        "125": 46,
        "126": 42,
        "127": 43,
        "128": 40,
        "129": 42,
        "130": 49,
        "131": 40,
        "132": 47,
        "133": 50,
        "134": 41,
        "135": 44,
        "136": 39,
        "137": 43,
        "138": 40,
        "139": 49,
        "140": 40,
        "141": 40,
        "142": 52,
        "143": 23,
        "144": 23,
        "145": 24,
        "146": 24,
        "147": 25,
        "148": 25,
        "149": 26,
        "150": 26,
        "151": 26,
        "152": 27,
        "153": 27,
        "154": 27,
        "155": 28,
        "156": 28,
        "157": 28,
        "158": 30,
        "159": 31,
        "160": 31,
        "161": 33,
        "162": 33,
        "163": 34,
        "164": 34,
        "165": 35,
        "166": 35,
        "167": 35,
        "168": 35,
        "169": 35,
        "170": 35,
        "171": 35,
        "172": 35,
        "173": 36,
        "174": 36,
        "175": 37,
        "176": 37,
        "177": 37,
        "178": 38,
        "179": 39,
        "180": 39,
        "181": 40,
        "182": 40,
        "183": 40,
        "184": 40,
        "185": 40,
        "186": 41,
        "187": 41,
        "188": 41,
        "189": 41,
        "190": 41,
        "191": 42,
        "192": 42,
        "193": 42,
        "194": 42,
        "195": 42,
        "196": 42,
        "197": 42,
        "198": 42,
        "199": 43,
        "200": 43,
        "201": 43,
        "202": 43,
        "203": 44,
        "204": 44,
        "205": 44,
        "206": 44,
        "207": 47,
        "208": 47,
        "209": 47,
        "210": 49,
        "211": 49,
        "212": 49,
        "213": 50,
        "214": 50,
        "215": 51,
        "216": 51,
        "217": 51,
        "218": 52,
        "219": 53,
        "220": 54,
        "221": 54,
        "222": 54,
        "223": 55,
        "224": 55,
        "225": 55,
        "226": 55,
        "227": 55,
        "228": 56,
        "229": 56,
        "230": 57,
        "231": 57,
        "232": 58,
        "233": 58,
        "234": 60,
        "235": 62,
        "236": 62,
        "237": 63,
        "238": 64,
        "239": 65,
        "240": 65,
        "241": 65,
        "242": 66,
        "243": 67,
        "244": 67,
        "245": 68,
        "246": 69,
        "247": 70,
        "248": 72,
        "249": 72,
        "250": 72,
        "251": 74
    },
    "5": {
        "0": 154.25,
        "1": 173.25,
        "2": 154.0,
        "3": 184.75,
        "4": 184.25,
        "5": 210.25,
        "6": 181.0,
        "7": 176.0,
        "8": 191.0,
        "9": 198.25,
        "10": 186.25,
        "11": 216.0,
        "12": 180.5,
        "13": 205.25,
        "14": 187.75,
        "15": 162.75,
        "16": 195.75,
        "17": 209.25,
        "18": 183.75,
        "19": 211.75,
        "20": 179.0,
        "21": 200.5,
        "22": 140.25,
        "23": 148.75,
        "24": 151.25,
        "25": 159.25,
        "26": 131.5,
        "27": 148.0,
        "28": 133.25,
        "29": 160.75,
        "30": 182.0,
        "31": 160.25,
        "32": 168.0,
        "33": 218.5,
        "34": 247.25,
        "35": 191.75,
        "36": 202.25,
        "37": 196.75,
        "38": 363.15,
        "39": 203.0,
        "40": 262.75,
        "41": 205.0,
        "42": 217.0,
        "43": 212.0,
        "44": 125.25,
        "45": 164.25,
        "46": 133.5,
        "47": 148.5,
        "48": 135.75,
        "49": 127.5,
        "50": 158.25,
        "51": 139.25,
        "52": 137.25,
        "53": 152.75,
        "54": 136.25,
        "55": 198.0,
        "56": 181.5,
        "57": 201.25,
        "58": 202.5,
        "59": 179.75,
        "60": 216.0,
        "61": 178.75,
        "62": 193.25,
        "63": 178.0,
        "64": 205.5,
        "65": 183.5,
        "66": 151.5,
        "67": 154.75,
        "68": 155.25,
        "69": 156.75,
        "70": 167.5,
        "71": 146.75,
        "72": 160.75,
        "73": 125.0,
        "74": 143.0,
        "75": 148.25,
        "76": 162.5,
        "77": 177.75,
        "78": 161.25,
        "79": 171.25,
        "80": 163.75,
        "81": 150.25,
        "82": 190.25,
        "83": 170.75,
        "84": 168.0,
        "85": 167.0,
        "86": 157.75,
        "87": 160.0,
        "88": 176.75,
        "89": 176.0,
        "90": 177.0,
        "91": 179.75,
        "92": 165.25,
        "93": 192.5,
        "94": 184.25,
        "95": 224.5,
        "96": 188.75,
        "97": 162.5,
        "98": 156.5,
        "99": 197.0,
        "100": 198.5,
        "101": 173.75,
        "102": 172.75,
        "103": 196.75,
        "104": 177.0,
        "105": 165.5,
        "106": 200.25,
        "107": 203.25,
        "108": 194.0,
        "109": 168.5,
        "110": 170.75,
        "111": 183.25,
        "112": 178.25,
        "113": 163.0,
        "114": 175.25,
        "115": 158.0,
        "116": 177.25,
        "117": 179.0,
        "118": 191.0,
        "119": 187.5,
        "120": 206.5,
        "121": 185.25,
        "122": 160.25,
        "123": 151.5,
        "124": 161.0,
        "125": 167.0,
        "126": 177.5,
        "127": 152.25,
        "128": 192.25,
        "129": 165.25,
        "130": 171.75,
        "131": 171.25,
        "132": 197.0,
        "133": 157.0,
        "134": 168.25,
        "135": 186.0,
        "136": 166.75,
        "137": 187.75,
        "138": 168.25,
        "139": 212.75,
        "140": 176.75,
        "141": 173.25,
        "142": 167.0,
        "143": 159.75,
        "144": 188.15,
        "145": 156.0,
        "146": 208.5,
        "147": 206.5,
        "148": 143.75,
        "149": 223.0,
        "150": 152.25,
        "151": 241.75,
        "152": 146.0,
        "153": 156.75,
        "154": 200.25,
        "155": 171.5,
        "156": 205.75,
        "157": 182.5,
        "158": 136.5,
        "159": 177.25,
        "160": 151.25,
        "161": 196.0,
        "162": 184.25,
        "163": 140.0,
        "164": 218.75,
        "165": 217.0,
        "166": 166.25,
        "167": 224.75,
        "168": 228.25,
        "169": 172.75,
        "170": 152.25,
        "171": 125.75,
        "172": 177.25,
        "173": 176.25,
        "174": 226.75,
        "175": 145.25,
        "176": 151.0,
        "177": 241.25,
        "178": 187.25,
        "179": 234.75,
        "180": 219.25,
        "181": 118.5,
        "182": 145.75,
        "183": 159.25,
        "184": 170.5,
        "185": 167.5,
        "186": 232.75,
        "187": 210.5,
        "188": 202.25,
        "189": 185.0,
        "190": 153.0,
        "191": 244.25,
        "192": 193.5,
        "193": 224.75,
        "194": 162.75,
        "195": 180.0,
        "196": 156.25,
        "197": 168.0,
        "198": 167.25,
        "199": 170.75,
        "200": 178.25,
        "201": 150.0,
        "202": 200.5,
        "203": 184.0,
        "204": 223.0,
        "205": 208.75,
        "206": 166.0,
        "207": 195.0,
        "208": 160.5,
        "209": 159.75,
        "210": 140.5,
        "211": 216.25,
        "212": 168.25,
        "213": 194.75,
        "214": 172.75,
        "215": 219.0,
        "216": 149.25,
        "217": 154.5,
        "218": 199.25,
        "219": 154.5,
        "220": 153.25,
        "221": 230.0,
        "222": 161.75,
        "223": 142.25,
        "224": 179.75,
        "225": 126.5,
        "226": 169.5,
        "227": 198.5,
        "228": 174.5,
        "229": 167.75,
        "230": 147.75,
        "231": 182.25,
        "232": 175.5,
        "233": 161.75,
        "234": 157.75,
        "235": 168.75,
        "236": 191.5,
        "237": 219.15,
        "238": 155.25,
        "239": 189.75,
        "240": 127.5,
        "241": 224.5,
        "242": 234.25,
        "243": 227.75,
        "244": 199.5,
        "245": 155.5,
        "246": 215.5,
        "247": 134.25,
        "248": 201.0,
        "249": 186.75,
        "250": 190.75,
        "251": 207.5
    },
    "6": {
        "0": 67.75,
        "1": 72.25,
        "2": 66.25,
        "3": 72.25,
        "4": 71.25,
        "5": 74.75,
        "6": 69.75,
        "7": 72.5,
        "8": 74.0,
        "9": 73.5,
        "10": 74.5,
        "11": 76.0,
        "12": 69.5,
        "13": 71.25,
        "14": 69.5,
        "15": 66.0,
        "16": 71.0,
        "17": 71.0,
        "18": 67.75,
        "19": 73.5,
        "20": 68.0,
        "21": 69.75,
        "22": 68.25,
        "23": 70.0,
        "24": 67.75,
        "25": 71.5,
        "26": 67.5,
        "27": 67.5,
        "28": 64.75,
        "29": 69.0,
        "30": 73.75,
        "31": 71.25,
        "32": 71.25,
        "33": 71.0,
        "34": 73.5,
        "35": 65.0,
        "36": 70.0,
        "37": 68.25,
        "38": 72.25,
        "39": 67.0,
        "40": 68.75,
        "41": 29.5,
        "42": 70.0,
        "43": 71.5,
        "44": 68.0,
        "45": 73.25,
        "46": 67.5,
        "47": 71.25,
        "48": 68.5,
        "49": 66.75,
        "50": 72.25,
        "51": 69.0,
        "52": 67.75,
        "53": 73.5,
        "54": 67.5,
        "55": 72.0,
        "56": 68.0,
        "57": 69.5,
        "58": 70.75,
        "59": 65.75,
        "60": 73.25,
        "61": 68.5,
        "62": 70.25,
        "63": 67.0,
        "64": 70.0,
        "65": 67.5,
        "66": 70.75,
        "67": 71.5,
        "68": 69.25,
        "69": 71.5,
        "70": 71.5,
        "71": 68.75,
        "72": 73.75,
        "73": 64.0,
        "74": 65.75,
        "75": 67.5,
        "76": 69.5,
        "77": 68.5,
        "78": 70.25,
        "79": 69.25,
        "80": 67.75,
        "81": 67.25,
        "82": 72.75,
        "83": 70.0,
        "84": 69.25,
        "85": 67.5,
        "86": 67.25,
        "87": 65.75,
        "88": 72.5,
        "89": 73.0,
        "90": 70.0,
        "91": 69.5,
        "92": 70.5,
        "93": 71.75,
        "94": 74.5,
        "95": 77.75,
        "96": 73.25,
        "97": 66.5,
        "98": 68.25,
        "99": 72.0,
        "100": 73.5,
        "101": 72.0,
        "102": 71.25,
        "103": 73.75,
        "104": 69.25,
        "105": 68.5,
        "106": 73.5,
        "107": 74.25,
        "108": 75.5,
        "109": 69.25,
        "110": 68.5,
        "111": 70.0,
        "112": 70.0,
        "113": 70.25,
        "114": 71.75,
        "115": 69.25,
        "116": 72.75,
        "117": 72.0,
        "118": 74.0,
        "119": 72.25,
        "120": 74.5,
        "121": 71.5,
        "122": 68.75,
        "123": 66.75,
        "124": 66.5,
        "125": 67.0,
        "126": 68.75,
        "127": 67.75,
        "128": 73.25,
        "129": 69.75,
        "130": 71.5,
        "131": 70.5,
        "132": 73.25,
        "133": 66.75,
        "134": 69.5,
        "135": 69.75,
        "136": 70.75,
        "137": 74.0,
        "138": 71.25,
        "139": 75.0,
        "140": 71.0,
        "141": 69.5,
        "142": 67.75,
        "143": 72.25,
        "144": 77.5,
        "145": 70.75,
        "146": 72.75,
        "147": 69.75,
        "148": 72.5,
        "149": 70.25,
        "150": 69.0,
        "151": 74.5,
        "152": 72.25,
        "153": 67.25,
        "154": 73.5,
        "155": 75.25,
        "156": 69.0,
        "157": 72.25,
        "158": 68.75,
        "159": 71.5,
        "160": 72.25,
        "161": 73.0,
        "162": 68.75,
        "163": 70.5,
        "164": 72.0,
        "165": 73.75,
        "166": 68.0,
        "167": 72.25,
        "168": 69.5,
        "169": 69.5,
        "170": 67.75,
        "171": 65.5,
        "172": 71.0,
        "173": 71.5,
        "174": 71.75,
        "175": 69.25,
        "176": 67.0,
        "177": 71.5,
        "178": 69.25,
        "179": 74.5,
        "180": 74.25,
        "181": 68.0,
        "182": 67.25,
        "183": 69.75,
        "184": 74.25,
        "185": 71.5,
        "186": 74.25,
        "187": 72.0,
        "188": 72.5,
        "189": 68.25,
        "190": 69.25,
        "191": 76.0,
        "192": 70.5,
        "193": 74.75,
        "194": 72.75,
        "195": 68.25,
        "196": 69.0,
        "197": 71.5,
        "198": 72.75,
        "199": 67.5,
        "200": 70.25,
        "201": 69.25,
        "202": 71.5,
        "203": 74.0,
        "204": 69.75,
        "205": 73.0,
        "206": 65.5,
        "207": 72.5,
        "208": 70.25,
        "209": 70.75,
        "210": 68.0,
        "211": 74.5,
        "212": 71.75,
        "213": 70.75,
        "214": 73.0,
        "215": 64.0,
        "216": 69.75,
        "217": 70.0,
        "218": 71.75,
        "219": 69.25,
        "220": 70.5,
        "221": 72.25,
        "222": 67.5,
        "223": 67.25,
        "224": 68.75,
        "225": 66.75,
        "226": 68.25,
        "227": 74.25,
        "228": 69.5,
        "229": 68.5,
        "230": 65.75,
        "231": 71.75,
        "232": 71.5,
        "233": 67.25,
        "234": 67.5,
        "235": 67.5,
        "236": 72.25,
        "237": 69.5,
        "238": 69.5,
        "239": 65.75,
        "240": 65.75,
        "241": 68.25,
        "242": 72.0,
        "243": 72.75,
        "244": 68.5,
        "245": 69.25,
        "246": 70.5,
        "247": 67.0,
        "248": 69.75,
        "249": 66.0,
        "250": 70.5,
        "251": 70.0
    },
    "7": {
        "0": 23.7,
        "1": 23.4,
        "2": 24.7,
        "3": 24.9,
        "4": 25.6,
        "5": 26.5,
        "6": 26.2,
        "7": 23.6,
        "8": 24.6,
        "9": 25.8,
        "10": 23.6,
        "11": 26.3,
        "12": 26.3,
        "13": 28.5,
        "14": 27.4,
        "15": 26.3,
        "16": 27.3,
        "17": 29.2,
        "18": 28.2,
        "19": 27.6,
        "20": 27.3,
        "21": 29.1,
        "22": 21.2,
        "23": 21.4,
        "24": 23.2,
        "25": 21.9,
        "26": 20.3,
        "27": 22.9,
        "28": 22.4,
        "29": 23.8,
        "30": 23.6,
        "31": 22.2,
        "32": 23.3,
        "33": 30.5,
        "34": 32.2,
        "35": 32.0,
        "36": 29.1,
        "37": 29.7,
        "38": 48.9,
        "39": 31.8,
        "40": 39.1,
        "41": 29.9,
        "42": 31.2,
        "43": 29.2,
        "44": 19.1,
        "45": 21.3,
        "46": 20.6,
        "47": 20.6,
        "48": 20.4,
        "49": 20.2,
        "50": 21.3,
        "51": 20.6,
        "52": 21.1,
        "53": 19.9,
        "54": 21.1,
        "55": 26.9,
        "56": 27.6,
        "57": 29.3,
        "58": 28.4,
        "59": 29.2,
        "60": 28.2,
        "61": 26.8,
        "62": 27.6,
        "63": 27.9,
        "64": 29.5,
        "65": 28.3,
        "66": 21.3,
        "67": 21.3,
        "68": 22.8,
        "69": 21.6,
        "70": 23.1,
        "71": 21.9,
        "72": 20.8,
        "73": 21.5,
        "74": 23.3,
        "75": 22.9,
        "76": 23.7,
        "77": 26.7,
        "78": 23.0,
        "79": 25.1,
        "80": 25.1,
        "81": 23.4,
        "82": 25.3,
        "83": 24.5,
        "84": 24.7,
        "85": 26.0,
        "86": 24.6,
        "87": 26.0,
        "88": 23.7,
        "89": 23.3,
        "90": 25.4,
        "91": 26.2,
        "92": 23.4,
        "93": 26.3,
        "94": 23.4,
        "95": 26.1,
        "96": 24.8,
        "97": 25.9,
        "98": 23.7,
        "99": 26.7,
        "100": 25.9,
        "101": 23.6,
        "102": 24.0,
        "103": 25.5,
        "104": 26.0,
        "105": 24.8,
        "106": 26.0,
        "107": 26.0,
        "108": 24.0,
        "109": 24.7,
        "110": 25.6,
        "111": 26.3,
        "112": 25.6,
        "113": 23.3,
        "114": 24.0,
        "115": 23.4,
        "116": 23.6,
        "117": 24.3,
        "118": 24.6,
        "119": 25.3,
        "120": 26.2,
        "121": 25.5,
        "122": 23.9,
        "123": 23.9,
        "124": 25.6,
        "125": 26.2,
        "126": 26.4,
        "127": 23.4,
        "128": 25.2,
        "129": 23.9,
        "130": 23.7,
        "131": 24.3,
        "132": 25.8,
        "133": 24.8,
        "134": 24.5,
        "135": 26.8,
        "136": 23.5,
        "137": 24.1,
        "138": 23.3,
        "139": 26.6,
        "140": 24.6,
        "141": 25.3,
        "142": 25.6,
        "143": 21.6,
        "144": 22.1,
        "145": 21.9,
        "146": 27.7,
        "147": 29.8,
        "148": 19.3,
        "149": 31.8,
        "150": 22.5,
        "151": 30.7,
        "152": 19.7,
        "153": 24.4,
        "154": 26.1,
        "155": 21.6,
        "156": 30.4,
        "157": 24.6,
        "158": 20.3,
        "159": 24.4,
        "160": 20.4,
        "161": 25.9,
        "162": 24.4,
        "163": 19.8,
        "164": 29.7,
        "165": 28.1,
        "166": 25.3,
        "167": 30.3,
        "168": 33.3,
        "169": 25.2,
        "170": 23.4,
        "171": 20.6,
        "172": 24.8,
        "173": 24.3,
        "174": 31.0,
        "175": 21.3,
        "176": 23.7,
        "177": 33.2,
        "178": 27.5,
        "179": 29.8,
        "180": 28.0,
        "181": 18.1,
        "182": 22.7,
        "183": 23.0,
        "184": 21.8,
        "185": 23.1,
        "186": 29.7,
        "187": 28.6,
        "188": 27.0,
        "189": 28.0,
        "190": 22.5,
        "191": 29.8,
        "192": 27.4,
        "193": 28.3,
        "194": 21.6,
        "195": 27.2,
        "196": 23.1,
        "197": 23.1,
        "198": 22.3,
        "199": 26.4,
        "200": 25.4,
        "201": 22.0,
        "202": 27.6,
        "203": 23.7,
        "204": 32.3,
        "205": 27.6,
        "206": 27.2,
        "207": 26.1,
        "208": 22.9,
        "209": 22.5,
        "210": 21.4,
        "211": 27.4,
        "212": 23.0,
        "213": 27.4,
        "214": 22.8,
        "215": 37.6,
        "216": 21.6,
        "217": 22.2,
        "218": 27.2,
        "219": 22.7,
        "220": 24.5,
        "221": 31.0,
        "222": 25.0,
        "223": 22.2,
        "224": 26.8,
        "225": 20.0,
        "226": 25.6,
        "227": 25.3,
        "228": 25.4,
        "229": 25.2,
        "230": 24.1,
        "231": 24.9,
        "232": 24.2,
        "233": 25.2,
        "234": 24.1,
        "235": 26.1,
        "236": 25.8,
        "237": 31.9,
        "238": 22.6,
        "239": 30.9,
        "240": 20.8,
        "241": 33.9,
        "242": 31.8,
        "243": 30.3,
        "244": 29.9,
        "245": 22.8,
        "246": 30.5,
        "247": 21.1,
        "248": 29.1,
        "249": 30.2,
        "250": 27.0,
        "251": 29.8
    },
    "8": {
        "0": 134.9,
        "1": 161.3,
        "2": 116.0,
        "3": 164.7,
        "4": 133.1,
        "5": 167.0,
        "6": 146.6,
        "7": 153.6,
        "8": 181.3,
        "9": 174.4,
        "10": 172.3,
        "11": 197.7,
        "12": 143.5,
        "13": 162.5,
        "14": 147.0,
        "15": 129.3,
        "16": 140.8,
        "17": 162.5,
        "18": 154.3,
        "19": 176.8,
        "20": 145.1,
        "21": 169.8,
        "22": 118.2,
        "23": 122.6,
        "24": 129.8,
        "25": 151.9,
        "26": 120.3,
        "27": 114.9,
        "28": 127.0,
        "29": 145.7,
        "30": 159.7,
        "31": 149.8,
        "32": 142.5,
        "33": 172.7,
        "34": 170.4,
        "35": 118.4,
        "36": 154.5,
        "37": 142.6,
        "38": 240.5,
        "39": 139.4,
        "40": 175.8,
        "41": 140.1,
        "42": 151.1,
        "43": 146.7,
        "44": 114.7,
        "45": 141.1,
        "46": 118.5,
        "47": 139.0,
        "48": 117.6,
        "49": 121.2,
        "50": 141.4,
        "51": 129.0,
        "52": 125.3,
        "53": 142.0,
        "54": 129.6,
        "55": 154.1,
        "56": 145.1,
        "57": 146.7,
        "58": 141.0,
        "59": 136.7,
        "60": 161.2,
        "61": 127.4,
        "62": 136.1,
        "63": 133.3,
        "64": 141.7,
        "65": 130.4,
        "66": 119.6,
        "67": 133.1,
        "68": 144.2,
        "69": 136.1,
        "70": 127.8,
        "71": 132.9,
        "72": 146.1,
        "73": 107.9,
        "74": 125.9,
        "75": 121.1,
        "76": 147.5,
        "77": 139.1,
        "78": 127.2,
        "79": 139.5,
        "80": 114.3,
        "81": 111.2,
        "82": 155.6,
        "83": 126.0,
        "84": 124.1,
        "85": 123.9,
        "86": 134.1,
        "87": 123.8,
        "88": 161.1,
        "89": 150.9,
        "90": 141.3,
        "91": 147.3,
        "92": 150.1,
        "93": 145.9,
        "94": 166.6,
        "95": 185.7,
        "96": 169.6,
        "97": 143.5,
        "98": 128.8,
        "99": 154.2,
        "100": 157.2,
        "101": 138.9,
        "102": 138.6,
        "103": 153.7,
        "104": 133.2,
        "105": 136.0,
        "106": 162.0,
        "107": 166.3,
        "108": 160.6,
        "109": 133.1,
        "110": 137.5,
        "111": 133.5,
        "112": 139.7,
        "113": 128.9,
        "114": 129.9,
        "115": 131.7,
        "116": 142.1,
        "117": 153.8,
        "118": 143.1,
        "119": 153.8,
        "120": 150.7,
        "121": 139.6,
        "122": 136.5,
        "123": 127.3,
        "124": 138.5,
        "125": 137.9,
        "126": 130.7,
        "127": 125.8,
        "128": 153.0,
        "129": 140.5,
        "130": 140.9,
        "131": 133.3,
        "132": 151.2,
        "133": 117.2,
        "134": 128.3,
        "135": 137.1,
        "136": 131.0,
        "137": 134.4,
        "138": 131.6,
        "139": 169.9,
        "140": 133.8,
        "141": 141.8,
        "142": 129.0,
        "143": 143.9,
        "144": 168.4,
        "145": 133.6,
        "146": 168.9,
        "147": 147.5,
        "148": 135.0,
        "149": 168.3,
        "150": 137.2,
        "151": 195.1,
        "152": 130.5,
        "153": 130.9,
        "154": 159.3,
        "155": 142.0,
        "156": 143.9,
        "157": 163.4,
        "158": 119.1,
        "159": 138.3,
        "160": 136.2,
        "161": 167.0,
        "162": 159.8,
        "163": 118.8,
        "164": 160.8,
        "165": 175.8,
        "166": 130.7,
        "167": 179.7,
        "168": 149.3,
        "169": 144.2,
        "170": 146.1,
        "171": 123.4,
        "172": 141.7,
        "173": 146.6,
        "174": 170.9,
        "175": 130.2,
        "176": 130.8,
        "177": 171.7,
        "178": 146.1,
        "179": 195.3,
        "180": 162.7,
        "181": 118.5,
        "182": 128.4,
        "183": 139.5,
        "184": 140.8,
        "185": 152.1,
        "186": 179.2,
        "187": 168.3,
        "188": 161.4,
        "189": 141.0,
        "190": 135.0,
        "191": 155.2,
        "192": 162.6,
        "193": 170.8,
        "194": 126.5,
        "195": 135.4,
        "196": 122.6,
        "197": 138.4,
        "198": 155.1,
        "199": 132.1,
        "200": 155.9,
        "201": 117.5,
        "202": 144.9,
        "203": 171.4,
        "204": 148.5,
        "205": 174.2,
        "206": 113.5,
        "207": 133.6,
        "208": 144.3,
        "209": 141.8,
        "210": 129.5,
        "211": 159.3,
        "212": 135.9,
        "213": 158.7,
        "214": 139.4,
        "215": 120.2,
        "216": 128.7,
        "217": 141.9,
        "218": 151.7,
        "219": 131.2,
        "220": 151.3,
        "221": 171.9,
        "222": 142.6,
        "223": 133.6,
        "224": 159.5,
        "225": 110.3,
        "226": 144.2,
        "227": 149.9,
        "228": 148.3,
        "229": 139.4,
        "230": 131.4,
        "231": 152.9,
        "232": 148.4,
        "233": 119.9,
        "234": 117.5,
        "235": 137.6,
        "236": 145.2,
        "237": 161.2,
        "238": 135.5,
        "239": 135.1,
        "240": 105.9,
        "241": 149.2,
        "242": 165.6,
        "243": 156.3,
        "244": 143.6,
        "245": 131.8,
        "246": 152.7,
        "247": 118.9,
        "248": 136.1,
        "249": 133.9,
        "250": 142.6,
        "251": 143.7
    },
    "9": {
        "0": 36.2,
        "1": 38.5,
        "2": 34.0,
        "3": 37.4,
        "4": 34.4,
        "5": 39.0,
        "6": 36.4,
        "7": 37.8,
        "8": 38.1,
        "9": 42.1,
        "10": 38.5,
        "11": 39.4,
        "12": 38.4,
        "13": 39.4,
        "14": 40.5,
        "15": 36.4,
        "16": 38.9,
        "17": 42.1,
        "18": 38.0,
        "19": 40.0,
        "20": 39.1,
        "21": 41.3,
        "22": 33.9,
        "23": 35.5,
        "24": 34.5,
        "25": 35.7,
        "26": 36.2,
        "27": 38.8,
        "28": 36.4,
        "29": 36.7,
        "30": 38.7,
        "31": 37.3,
        "32": 38.1,
        "33": 39.8,
        "34": 42.1,
        "35": 38.4,
        "36": 38.5,
        "37": 42.1,
        "38": 51.2,
        "39": 40.2,
        "40": 43.2,
        "41": 36.6,
        "42": 37.3,
        "43": 41.5,
        "44": 31.5,
        "45": 35.7,
        "46": 33.6,
        "47": 34.6,
        "48": 32.8,
        "49": 34.0,
        "50": 34.9,
        "51": 34.3,
        "52": 36.5,
        "53": 35.1,
        "54": 37.8,
        "55": 39.9,
        "56": 39.1,
        "57": 40.5,
        "58": 40.5,
        "59": 38.4,
        "60": 41.4,
        "61": 35.6,
        "62": 38.0,
        "63": 37.4,
        "64": 40.1,
        "65": 40.9,
        "66": 35.6,
        "67": 36.9,
        "68": 37.5,
        "69": 36.3,
        "70": 35.5,
        "71": 38.7,
        "72": 36.4,
        "73": 33.2,
        "74": 36.5,
        "75": 36.0,
        "76": 38.7,
        "77": 38.7,
        "78": 37.8,
        "79": 37.4,
        "80": 38.4,
        "81": 38.1,
        "82": 39.3,
        "83": 38.7,
        "84": 38.5,
        "85": 36.5,
        "86": 37.7,
        "87": 36.5,
        "88": 38.0,
        "89": 36.7,
        "90": 37.2,
        "91": 39.2,
        "92": 37.5,
        "93": 38.0,
        "94": 37.3,
        "95": 41.1,
        "96": 37.5,
        "97": 38.7,
        "98": 35.9,
        "99": 40.0,
        "100": 40.1,
        "101": 37.0,
        "102": 36.3,
        "103": 40.7,
        "104": 39.6,
        "105": 31.1,
        "106": 38.6,
        "107": 42.0,
        "108": 38.5,
        "109": 34.2,
        "110": 37.2,
        "111": 37.1,
        "112": 40.2,
        "113": 35.3,
        "114": 38.0,
        "115": 36.3,
        "116": 36.8,
        "117": 41.0,
        "118": 38.3,
        "119": 38.0,
        "120": 40.8,
        "121": 39.5,
        "122": 36.9,
        "123": 36.9,
        "124": 37.7,
        "125": 36.6,
        "126": 38.9,
        "127": 37.5,
        "128": 39.8,
        "129": 38.3,
        "130": 35.5,
        "131": 36.3,
        "132": 37.8,
        "133": 37.8,
        "134": 36.5,
        "135": 37.8,
        "136": 37.0,
        "137": 37.7,
        "138": 34.3,
        "139": 40.8,
        "140": 37.4,
        "141": 36.5,
        "142": 37.5,
        "143": 35.5,
        "144": 38.0,
        "145": 35.7,
        "146": 39.2,
        "147": 40.9,
        "148": 35.2,
        "149": 40.6,
        "150": 35.4,
        "151": 41.8,
        "152": 34.1,
        "153": 37.9,
        "154": 38.2,
        "155": 35.6,
        "156": 38.5,
        "157": 37.0,
        "158": 35.9,
        "159": 36.2,
        "160": 35.0,
        "161": 38.5,
        "162": 40.7,
        "163": 36.0,
        "164": 39.5,
        "165": 40.5,
        "166": 38.5,
        "167": 43.9,
        "168": 40.4,
        "169": 37.6,
        "170": 37.0,
        "171": 34.0,
        "172": 38.4,
        "173": 38.7,
        "174": 41.5,
        "175": 36.0,
        "176": 35.3,
        "177": 42.1,
        "178": 38.0,
        "179": 42.8,
        "180": 40.0,
        "181": 33.8,
        "182": 35.5,
        "183": 35.3,
        "184": 37.7,
        "185": 39.4,
        "186": 41.9,
        "187": 38.5,
        "188": 40.8,
        "189": 38.0,
        "190": 36.4,
        "191": 41.8,
        "192": 40.7,
        "193": 38.5,
        "194": 35.4,
        "195": 38.5,
        "196": 35.5,
        "197": 36.5,
        "198": 37.6,
        "199": 37.4,
        "200": 37.8,
        "201": 35.2,
        "202": 37.9,
        "203": 37.9,
        "204": 40.9,
        "205": 41.9,
        "206": 39.1,
        "207": 40.2,
        "208": 36.0,
        "209": 34.5,
        "210": 35.8,
        "211": 40.2,
        "212": 38.3,
        "213": 39.0,
        "214": 37.4,
        "215": 41.2,
        "216": 34.8,
        "217": 36.9,
        "218": 39.4,
        "219": 37.6,
        "220": 38.5,
        "221": 42.5,
        "222": 37.4,
        "223": 35.2,
        "224": 41.1,
        "225": 33.4,
        "226": 37.2,
        "227": 38.3,
        "228": 38.1,
        "229": 37.4,
        "230": 35.2,
        "231": 39.4,
        "232": 38.0,
        "233": 35.1,
        "234": 40.4,
        "235": 38.3,
        "236": 40.6,
        "237": 40.2,
        "238": 37.9,
        "239": 40.8,
        "240": 34.7,
        "241": 38.8,
        "242": 41.4,
        "243": 41.3,
        "244": 40.7,
        "245": 36.3,
        "246": 40.8,
        "247": 34.9,
        "248": 40.9,
        "249": 38.9,
        "250": 38.9,
        "251": 40.8
    },
    "10": {
        "0": 93.1,
        "1": 93.6,
        "2": 95.8,
        "3": 101.8,
        "4": 97.3,
        "5": 104.5,
        "6": 105.1,
        "7": 99.6,
        "8": 100.9,
        "9": 99.6,
        "10": 101.5,
        "11": 103.6,
        "12": 102.0,
        "13": 104.1,
        "14": 101.3,
        "15": 99.1,
        "16": 101.9,
        "17": 107.6,
        "18": 106.8,
        "19": 106.2,
        "20": 103.3,
        "21": 111.4,
        "22": 86.0,
        "23": 86.7,
        "24": 90.2,
        "25": 89.6,
        "26": 88.6,
        "27": 97.4,
        "28": 93.5,
        "29": 97.4,
        "30": 100.5,
        "31": 93.5,
        "32": 93.0,
        "33": 111.7,
        "34": 117.0,
        "35": 118.5,
        "36": 106.5,
        "37": 105.6,
        "38": 136.2,
        "39": 114.8,
        "40": 128.3,
        "41": 106.0,
        "42": 113.3,
        "43": 106.6,
        "44": 85.1,
        "45": 96.6,
        "46": 88.2,
        "47": 89.8,
        "48": 92.3,
        "49": 83.4,
        "50": 90.2,
        "51": 89.2,
        "52": 89.7,
        "53": 93.3,
        "54": 87.6,
        "55": 107.6,
        "56": 100.0,
        "57": 111.5,
        "58": 115.4,
        "59": 104.8,
        "60": 112.3,
        "61": 102.9,
        "62": 107.6,
        "63": 105.3,
        "64": 105.3,
        "65": 103.0,
        "66": 90.0,
        "67": 95.4,
        "68": 89.3,
        "69": 94.4,
        "70": 97.6,
        "71": 88.5,
        "72": 93.6,
        "73": 87.7,
        "74": 93.4,
        "75": 91.6,
        "76": 91.6,
        "77": 102.0,
        "78": 96.4,
        "79": 102.7,
        "80": 97.7,
        "81": 97.1,
        "82": 103.1,
        "83": 101.8,
        "84": 101.4,
        "85": 98.9,
        "86": 97.5,
        "87": 104.3,
        "88": 97.3,
        "89": 96.7,
        "90": 99.7,
        "91": 101.9,
        "92": 97.2,
        "93": 106.6,
        "94": 99.6,
        "95": 113.2,
        "96": 99.1,
        "97": 99.4,
        "98": 95.1,
        "99": 107.5,
        "100": 106.5,
        "101": 99.1,
        "102": 96.7,
        "103": 103.5,
        "104": 104.0,
        "105": 93.1,
        "106": 105.2,
        "107": 110.0,
        "108": 110.1,
        "109": 97.8,
        "110": 96.3,
        "111": 108.0,
        "112": 99.7,
        "113": 93.5,
        "114": 100.7,
        "115": 97.0,
        "116": 96.0,
        "117": 99.2,
        "118": 95.4,
        "119": 101.8,
        "120": 104.3,
        "121": 99.2,
        "122": 99.3,
        "123": 94.0,
        "124": 98.9,
        "125": 101.0,
        "126": 98.7,
        "127": 95.9,
        "128": 103.9,
        "129": 96.2,
        "130": 97.8,
        "131": 94.6,
        "132": 103.6,
        "133": 100.4,
        "134": 98.4,
        "135": 104.6,
        "136": 92.9,
        "137": 97.8,
        "138": 98.3,
        "139": 104.7,
        "140": 98.6,
        "141": 99.5,
        "142": 102.7,
        "143": 92.1,
        "144": 96.6,
        "145": 92.7,
        "146": 102.0,
        "147": 110.9,
        "148": 92.3,
        "149": 114.1,
        "150": 92.9,
        "151": 108.3,
        "152": 88.5,
        "153": 94.0,
        "154": 101.1,
        "155": 92.1,
        "156": 105.6,
        "157": 98.5,
        "158": 88.7,
        "159": 101.1,
        "160": 94.0,
        "161": 103.8,
        "162": 98.9,
        "163": 89.2,
        "164": 111.4,
        "165": 107.5,
        "166": 99.1,
        "167": 108.2,
        "168": 114.9,
        "169": 99.1,
        "170": 92.2,
        "171": 90.8,
        "172": 100.5,
        "173": 98.2,
        "174": 115.3,
        "175": 96.8,
        "176": 92.6,
        "177": 119.2,
        "178": 102.7,
        "179": 109.5,
        "180": 108.5,
        "181": 79.3,
        "182": 95.5,
        "183": 92.3,
        "184": 98.9,
        "185": 89.5,
        "186": 117.5,
        "187": 107.4,
        "188": 109.2,
        "189": 103.4,
        "190": 91.4,
        "191": 115.2,
        "192": 104.9,
        "193": 106.7,
        "194": 92.2,
        "195": 101.6,
        "196": 97.8,
        "197": 92.0,
        "198": 94.0,
        "199": 103.7,
        "200": 102.7,
        "201": 91.1,
        "202": 107.2,
        "203": 100.8,
        "204": 121.6,
        "205": 105.6,
        "206": 100.6,
        "207": 102.7,
        "208": 99.8,
        "209": 92.9,
        "210": 91.2,
        "211": 115.6,
        "212": 98.3,
        "213": 103.7,
        "214": 98.7,
        "215": 119.8,
        "216": 92.8,
        "217": 93.3,
        "218": 106.8,
        "219": 93.9,
        "220": 99.0,
        "221": 119.9,
        "222": 94.2,
        "223": 92.7,
        "224": 106.9,
        "225": 88.8,
        "226": 101.7,
        "227": 105.3,
        "228": 104.0,
        "229": 98.6,
        "230": 99.6,
        "231": 103.4,
        "232": 100.2,
        "233": 94.9,
        "234": 97.2,
        "235": 104.7,
        "236": 104.0,
        "237": 117.6,
        "238": 95.8,
        "239": 106.4,
        "240": 93.0,
        "241": 119.6,
        "242": 119.7,
        "243": 115.8,
        "244": 118.3,
        "245": 97.4,
        "246": 113.7,
        "247": 89.2,
        "248": 108.5,
        "249": 111.1,
        "250": 108.3,
        "251": 112.4
    },
    "11": {
        "0": 85.2,
        "1": 83.0,
        "2": 87.9,
        "3": 86.4,
        "4": 100.0,
        "5": 94.4,
        "6": 90.7,
        "7": 88.5,
        "8": 82.5,
        "9": 88.6,
        "10": 83.6,
        "11": 90.9,
        "12": 91.6,
        "13": 101.8,
        "14": 96.4,
        "15": 92.8,
        "16": 96.4,
        "17": 97.5,
        "18": 89.6,
        "19": 100.5,
        "20": 95.9,
        "21": 98.8,
        "22": 76.4,
        "23": 80.0,
        "24": 76.3,
        "25": 79.7,
        "26": 74.6,
        "27": 88.7,
        "28": 73.9,
        "29": 83.5,
        "30": 88.7,
        "31": 84.5,
        "32": 79.1,
        "33": 100.5,
        "34": 115.6,
        "35": 113.1,
        "36": 100.9,
        "37": 98.8,
        "38": 148.1,
        "39": 108.1,
        "40": 126.2,
        "41": 104.3,
        "42": 111.2,
        "43": 104.3,
        "44": 76.0,
        "45": 81.5,
        "46": 73.7,
        "47": 79.5,
        "48": 83.4,
        "49": 70.4,
        "50": 86.7,
        "51": 77.9,
        "52": 82.0,
        "53": 79.6,
        "54": 77.6,
        "55": 100.0,
        "56": 99.8,
        "57": 104.2,
        "58": 105.3,
        "59": 98.3,
        "60": 104.8,
        "61": 94.7,
        "62": 102.4,
        "63": 99.7,
        "64": 105.5,
        "65": 100.3,
        "66": 83.9,
        "67": 86.6,
        "68": 78.4,
        "69": 84.6,
        "70": 91.5,
        "71": 82.8,
        "72": 82.9,
        "73": 76.0,
        "74": 83.3,
        "75": 81.8,
        "76": 78.8,
        "77": 95.0,
        "78": 95.4,
        "79": 98.6,
        "80": 95.8,
        "81": 89.0,
        "82": 97.8,
        "83": 94.9,
        "84": 99.8,
        "85": 89.7,
        "86": 88.1,
        "87": 90.9,
        "88": 86.0,
        "89": 86.5,
        "90": 95.6,
        "91": 93.2,
        "92": 83.1,
        "93": 97.5,
        "94": 88.8,
        "95": 99.2,
        "96": 91.6,
        "97": 86.7,
        "98": 88.2,
        "99": 94.0,
        "100": 95.0,
        "101": 92.0,
        "102": 89.2,
        "103": 95.5,
        "104": 98.6,
        "105": 87.3,
        "106": 102.8,
        "107": 101.6,
        "108": 88.7,
        "109": 92.3,
        "110": 90.6,
        "111": 105.0,
        "112": 95.0,
        "113": 89.6,
        "114": 92.4,
        "115": 86.6,
        "116": 90.0,
        "117": 90.0,
        "118": 92.4,
        "119": 87.5,
        "120": 99.2,
        "121": 98.1,
        "122": 83.3,
        "123": 86.1,
        "124": 84.1,
        "125": 89.9,
        "126": 92.1,
        "127": 78.0,
        "128": 93.5,
        "129": 87.0,
        "130": 90.1,
        "131": 90.3,
        "132": 99.8,
        "133": 89.4,
        "134": 87.2,
        "135": 101.1,
        "136": 86.1,
        "137": 98.6,
        "138": 88.5,
        "139": 106.6,
        "140": 93.1,
        "141": 93.0,
        "142": 91.0,
        "143": 77.1,
        "144": 85.3,
        "145": 81.9,
        "146": 99.1,
        "147": 100.5,
        "148": 76.5,
        "149": 106.8,
        "150": 77.6,
        "151": 102.9,
        "152": 72.8,
        "153": 88.2,
        "154": 100.1,
        "155": 83.5,
        "156": 105.0,
        "157": 90.8,
        "158": 76.6,
        "159": 92.4,
        "160": 81.2,
        "161": 95.6,
        "162": 92.1,
        "163": 83.4,
        "164": 106.0,
        "165": 95.1,
        "166": 90.4,
        "167": 100.4,
        "168": 115.9,
        "169": 90.8,
        "170": 81.9,
        "171": 75.0,
        "172": 90.3,
        "173": 90.3,
        "174": 108.8,
        "175": 79.4,
        "176": 83.2,
        "177": 110.3,
        "178": 92.7,
        "179": 104.5,
        "180": 104.6,
        "181": 69.4,
        "182": 83.6,
        "183": 86.8,
        "184": 90.4,
        "185": 83.7,
        "186": 109.3,
        "187": 98.9,
        "188": 98.0,
        "189": 101.2,
        "190": 80.6,
        "191": 113.7,
        "192": 94.1,
        "193": 105.7,
        "194": 85.6,
        "195": 96.6,
        "196": 86.0,
        "197": 89.7,
        "198": 78.0,
        "199": 89.7,
        "200": 89.2,
        "201": 85.7,
        "202": 103.1,
        "203": 89.1,
        "204": 113.9,
        "205": 96.3,
        "206": 93.9,
        "207": 101.3,
        "208": 83.9,
        "209": 84.4,
        "210": 79.4,
        "211": 104.0,
        "212": 89.7,
        "213": 97.6,
        "214": 87.6,
        "215": 122.1,
        "216": 81.1,
        "217": 81.5,
        "218": 100.0,
        "219": 88.7,
        "220": 91.8,
        "221": 110.4,
        "222": 87.6,
        "223": 82.8,
        "224": 95.3,
        "225": 78.2,
        "226": 91.1,
        "227": 96.7,
        "228": 89.4,
        "229": 93.0,
        "230": 86.4,
        "231": 96.7,
        "232": 88.1,
        "233": 94.9,
        "234": 93.3,
        "235": 95.6,
        "236": 98.2,
        "237": 113.8,
        "238": 82.8,
        "239": 100.5,
        "240": 79.7,
        "241": 118.0,
        "242": 109.0,
        "243": 113.4,
        "244": 106.1,
        "245": 84.3,
        "246": 107.6,
        "247": 83.6,
        "248": 105.0,
        "249": 111.5,
        "250": 101.3,
        "251": 108.5
    },
    "12": {
        "0": 94.5,
        "1": 98.7,
        "2": 99.2,
        "3": 101.2,
        "4": 101.9,
        "5": 107.8,
        "6": 100.3,
        "7": 97.1,
        "8": 99.9,
        "9": 104.1,
        "10": 98.2,
        "11": 107.7,
        "12": 103.9,
        "13": 108.6,
        "14": 100.1,
        "15": 99.2,
        "16": 105.2,
        "17": 107.0,
        "18": 102.4,
        "19": 109.0,
        "20": 104.9,
        "21": 104.8,
        "22": 94.6,
        "23": 93.4,
        "24": 95.8,
        "25": 96.5,
        "26": 85.3,
        "27": 94.7,
        "28": 88.5,
        "29": 98.7,
        "30": 99.8,
        "31": 100.6,
        "32": 94.5,
        "33": 108.3,
        "34": 116.1,
        "35": 113.8,
        "36": 106.2,
        "37": 104.8,
        "38": 147.7,
        "39": 102.5,
        "40": 125.6,
        "41": 115.5,
        "42": 114.1,
        "43": 106.0,
        "44": 88.2,
        "45": 97.2,
        "46": 88.5,
        "47": 92.7,
        "48": 90.4,
        "49": 87.2,
        "50": 98.3,
        "51": 91.0,
        "52": 89.1,
        "53": 91.6,
        "54": 88.6,
        "55": 99.6,
        "56": 102.5,
        "57": 105.8,
        "58": 97.0,
        "59": 99.6,
        "60": 103.1,
        "61": 100.8,
        "62": 99.4,
        "63": 99.7,
        "64": 108.3,
        "65": 104.2,
        "66": 93.9,
        "67": 91.8,
        "68": 96.1,
        "69": 94.3,
        "70": 98.5,
        "71": 95.5,
        "72": 96.3,
        "73": 88.6,
        "74": 93.0,
        "75": 94.8,
        "76": 94.3,
        "77": 98.3,
        "78": 99.3,
        "79": 100.2,
        "80": 97.1,
        "81": 96.9,
        "82": 99.6,
        "83": 95.0,
        "84": 96.2,
        "85": 96.2,
        "86": 96.9,
        "87": 93.8,
        "88": 99.3,
        "89": 98.3,
        "90": 102.2,
        "91": 100.6,
        "92": 95.4,
        "93": 100.6,
        "94": 101.4,
        "95": 107.5,
        "96": 102.4,
        "97": 96.2,
        "98": 92.8,
        "99": 103.7,
        "100": 101.7,
        "101": 98.3,
        "102": 98.3,
        "103": 101.6,
        "104": 99.5,
        "105": 96.6,
        "106": 103.6,
        "107": 100.7,
        "108": 102.1,
        "109": 100.6,
        "110": 99.3,
        "111": 103.0,
        "112": 98.6,
        "113": 99.8,
        "114": 97.5,
        "115": 92.6,
        "116": 99.7,
        "117": 96.4,
        "118": 104.3,
        "119": 101.0,
        "120": 104.1,
        "121": 101.4,
        "122": 97.5,
        "123": 95.2,
        "124": 94.0,
        "125": 100.0,
        "126": 98.5,
        "127": 93.2,
        "128": 99.5,
        "129": 97.8,
        "130": 95.8,
        "131": 99.1,
        "132": 103.2,
        "133": 92.3,
        "134": 98.4,
        "135": 102.1,
        "136": 95.6,
        "137": 100.6,
        "138": 98.3,
        "139": 107.7,
        "140": 101.6,
        "141": 99.3,
        "142": 98.9,
        "143": 93.9,
        "144": 102.5,
        "145": 95.3,
        "146": 110.1,
        "147": 106.2,
        "148": 92.1,
        "149": 113.9,
        "150": 93.5,
        "151": 114.4,
        "152": 91.1,
        "153": 95.2,
        "154": 105.0,
        "155": 98.3,
        "156": 106.4,
        "157": 102.5,
        "158": 89.8,
        "159": 99.3,
        "160": 91.5,
        "161": 105.1,
        "162": 103.5,
        "163": 89.6,
        "164": 108.8,
        "165": 104.5,
        "166": 95.6,
        "167": 106.8,
        "168": 111.9,
        "169": 98.1,
        "170": 92.8,
        "171": 89.2,
        "172": 98.7,
        "173": 99.9,
        "174": 114.4,
        "175": 89.2,
        "176": 96.4,
        "177": 113.9,
        "178": 101.9,
        "179": 109.9,
        "180": 109.8,
        "181": 85.0,
        "182": 91.6,
        "183": 96.1,
        "184": 95.5,
        "185": 98.1,
        "186": 108.8,
        "187": 104.1,
        "188": 101.8,
        "189": 103.1,
        "190": 92.3,
        "191": 112.4,
        "192": 102.7,
        "193": 111.8,
        "194": 96.5,
        "195": 100.6,
        "196": 96.2,
        "197": 101.0,
        "198": 99.0,
        "199": 94.2,
        "200": 99.2,
        "201": 96.9,
        "202": 105.5,
        "203": 102.6,
        "204": 107.1,
        "205": 102.0,
        "206": 100.1,
        "207": 101.7,
        "208": 91.8,
        "209": 94.0,
        "210": 89.0,
        "211": 109.0,
        "212": 99.1,
        "213": 104.2,
        "214": 96.1,
        "215": 112.8,
        "216": 96.3,
        "217": 94.4,
        "218": 105.0,
        "219": 94.5,
        "220": 96.2,
        "221": 105.5,
        "222": 95.6,
        "223": 91.9,
        "224": 98.2,
        "225": 87.5,
        "226": 97.1,
        "227": 106.6,
        "228": 98.4,
        "229": 97.0,
        "230": 90.1,
        "231": 100.7,
        "232": 97.8,
        "233": 100.2,
        "234": 94.0,
        "235": 93.7,
        "236": 101.1,
        "237": 111.8,
        "238": 94.5,
        "239": 100.5,
        "240": 87.6,
        "241": 114.3,
        "242": 109.1,
        "243": 109.8,
        "244": 101.6,
        "245": 94.4,
        "246": 110.0,
        "247": 88.8,
        "248": 104.5,
        "249": 101.7,
        "250": 97.8,
        "251": 107.1
    },
    "13": {
        "0": 59.0,
        "1": 58.7,
        "2": 59.6,
        "3": 60.1,
        "4": 63.2,
        "5": 66.0,
        "6": 58.4,
        "7": 60.0,
        "8": 62.9,
        "9": 63.1,
        "10": 59.7,
        "11": 66.2,
        "12": 63.4,
        "13": 66.0,
        "14": 69.0,
        "15": 63.1,
        "16": 64.8,
        "17": 66.9,
        "18": 64.2,
        "19": 65.8,
        "20": 63.5,
        "21": 63.4,
        "22": 57.4,
        "23": 54.9,
        "24": 58.4,
        "25": 55.0,
        "26": 51.7,
        "27": 57.5,
        "28": 50.1,
        "29": 58.9,
        "30": 57.5,
        "31": 58.5,
        "32": 57.3,
        "33": 67.1,
        "34": 71.2,
        "35": 61.9,
        "36": 63.5,
        "37": 66.0,
        "38": 87.3,
        "39": 61.3,
        "40": 72.5,
        "41": 70.6,
        "42": 67.7,
        "43": 65.0,
        "44": 50.0,
        "45": 58.4,
        "46": 53.3,
        "47": 52.7,
        "48": 52.0,
        "49": 50.6,
        "50": 52.6,
        "51": 51.4,
        "52": 49.3,
        "53": 52.6,
        "54": 51.9,
        "55": 57.2,
        "56": 62.1,
        "57": 61.8,
        "58": 59.1,
        "59": 60.6,
        "60": 61.6,
        "61": 60.9,
        "62": 61.0,
        "63": 60.8,
        "64": 65.0,
        "65": 64.8,
        "66": 55.0,
        "67": 54.3,
        "68": 56.0,
        "69": 51.2,
        "70": 56.6,
        "71": 58.9,
        "72": 52.9,
        "73": 50.9,
        "74": 55.5,
        "75": 54.5,
        "76": 56.7,
        "77": 55.0,
        "78": 53.5,
        "79": 56.5,
        "80": 54.8,
        "81": 54.8,
        "82": 58.9,
        "83": 56.0,
        "84": 56.3,
        "85": 54.7,
        "86": 57.2,
        "87": 57.8,
        "88": 61.0,
        "89": 60.4,
        "90": 58.3,
        "91": 58.9,
        "92": 56.9,
        "93": 58.9,
        "94": 57.4,
        "95": 61.7,
        "96": 60.6,
        "97": 62.1,
        "98": 54.7,
        "99": 62.7,
        "100": 59.0,
        "101": 59.3,
        "102": 60.0,
        "103": 59.1,
        "104": 59.5,
        "105": 54.7,
        "106": 61.2,
        "107": 55.8,
        "108": 57.5,
        "109": 57.5,
        "110": 61.9,
        "111": 63.7,
        "112": 62.3,
        "113": 61.5,
        "114": 59.3,
        "115": 55.9,
        "116": 58.8,
        "117": 56.8,
        "118": 64.6,
        "119": 58.5,
        "120": 58.5,
        "121": 57.1,
        "122": 60.5,
        "123": 58.1,
        "124": 58.5,
        "125": 60.7,
        "126": 60.7,
        "127": 53.5,
        "128": 61.7,
        "129": 57.4,
        "130": 57.0,
        "131": 60.3,
        "132": 61.2,
        "133": 56.1,
        "134": 56.0,
        "135": 58.9,
        "136": 58.8,
        "137": 63.6,
        "138": 58.1,
        "139": 66.5,
        "140": 59.1,
        "141": 60.4,
        "142": 57.1,
        "143": 56.1,
        "144": 59.1,
        "145": 56.4,
        "146": 71.2,
        "147": 68.4,
        "148": 51.9,
        "149": 67.6,
        "150": 56.9,
        "151": 72.9,
        "152": 53.6,
        "153": 56.8,
        "154": 62.1,
        "155": 57.3,
        "156": 68.6,
        "157": 60.8,
        "158": 50.1,
        "159": 59.4,
        "160": 52.5,
        "161": 61.4,
        "162": 64.0,
        "163": 52.4,
        "164": 63.8,
        "165": 64.8,
        "166": 55.5,
        "167": 63.3,
        "168": 74.4,
        "169": 60.1,
        "170": 54.7,
        "171": 50.0,
        "172": 57.8,
        "173": 59.2,
        "174": 69.2,
        "175": 50.3,
        "176": 60.0,
        "177": 69.8,
        "178": 64.7,
        "179": 69.5,
        "180": 68.1,
        "181": 47.2,
        "182": 54.1,
        "183": 58.0,
        "184": 55.4,
        "185": 57.3,
        "186": 67.7,
        "187": 63.5,
        "188": 62.8,
        "189": 61.5,
        "190": 54.3,
        "191": 68.5,
        "192": 60.6,
        "193": 65.3,
        "194": 60.2,
        "195": 61.1,
        "196": 57.7,
        "197": 62.3,
        "198": 57.5,
        "199": 58.5,
        "200": 60.2,
        "201": 55.5,
        "202": 68.8,
        "203": 60.6,
        "204": 63.5,
        "205": 63.3,
        "206": 58.9,
        "207": 60.7,
        "208": 53.0,
        "209": 56.0,
        "210": 51.1,
        "211": 63.7,
        "212": 56.3,
        "213": 60.0,
        "214": 57.1,
        "215": 62.5,
        "216": 53.8,
        "217": 54.7,
        "218": 63.9,
        "219": 53.7,
        "220": 57.7,
        "221": 64.2,
        "222": 59.7,
        "223": 54.4,
        "224": 57.4,
        "225": 50.8,
        "226": 56.6,
        "227": 64.0,
        "228": 58.4,
        "229": 55.4,
        "230": 53.0,
        "231": 59.3,
        "232": 57.1,
        "233": 56.8,
        "234": 54.3,
        "235": 54.4,
        "236": 59.3,
        "237": 63.4,
        "238": 61.2,
        "239": 59.2,
        "240": 50.7,
        "241": 61.3,
        "242": 63.7,
        "243": 65.6,
        "244": 58.2,
        "245": 54.3,
        "246": 63.3,
        "247": 49.6,
        "248": 59.6,
        "249": 60.3,
        "250": 56.0,
        "251": 59.3
    },
    "14": {
        "0": 37.3,
        "1": 37.3,
        "2": 38.9,
        "3": 37.3,
        "4": 42.2,
        "5": 42.0,
        "6": 38.3,
        "7": 39.4,
        "8": 38.3,
        "9": 41.7,
        "10": 39.7,
        "11": 39.2,
        "12": 38.3,
        "13": 41.5,
        "14": 39.0,
        "15": 38.7,
        "16": 40.8,
        "17": 40.0,
        "18": 38.7,
        "19": 40.6,
        "20": 38.0,
        "21": 40.6,
        "22": 35.3,
        "23": 36.2,
        "24": 35.5,
        "25": 36.7,
        "26": 34.7,
        "27": 36.0,
        "28": 34.5,
        "29": 35.3,
        "30": 38.7,
        "31": 38.8,
        "32": 36.2,
        "33": 44.2,
        "34": 43.3,
        "35": 38.3,
        "36": 39.9,
        "37": 41.5,
        "38": 49.1,
        "39": 41.1,
        "40": 39.6,
        "41": 42.5,
        "42": 40.9,
        "43": 40.2,
        "44": 34.7,
        "45": 38.2,
        "46": 34.5,
        "47": 37.5,
        "48": 35.8,
        "49": 34.4,
        "50": 37.2,
        "51": 34.9,
        "52": 33.7,
        "53": 37.6,
        "54": 34.9,
        "55": 38.0,
        "56": 39.6,
        "57": 39.8,
        "58": 38.0,
        "59": 37.7,
        "60": 40.9,
        "61": 38.0,
        "62": 39.4,
        "63": 40.1,
        "64": 41.2,
        "65": 40.2,
        "66": 36.1,
        "67": 35.4,
        "68": 37.4,
        "69": 37.4,
        "70": 38.6,
        "71": 37.6,
        "72": 37.5,
        "73": 35.4,
        "74": 35.2,
        "75": 37.0,
        "76": 39.7,
        "77": 38.3,
        "78": 37.5,
        "79": 39.3,
        "80": 38.2,
        "81": 38.0,
        "82": 39.0,
        "83": 36.5,
        "84": 36.6,
        "85": 37.8,
        "86": 37.7,
        "87": 39.5,
        "88": 38.4,
        "89": 39.9,
        "90": 38.2,
        "91": 39.7,
        "92": 38.3,
        "93": 40.5,
        "94": 39.6,
        "95": 42.3,
        "96": 39.4,
        "97": 39.3,
        "98": 37.3,
        "99": 39.0,
        "100": 39.4,
        "101": 38.4,
        "102": 38.4,
        "103": 39.8,
        "104": 36.1,
        "105": 39.0,
        "106": 39.3,
        "107": 38.7,
        "108": 40.0,
        "109": 36.8,
        "110": 38.0,
        "111": 40.0,
        "112": 38.1,
        "113": 37.8,
        "114": 38.1,
        "115": 36.3,
        "116": 38.4,
        "117": 38.8,
        "118": 41.1,
        "119": 39.2,
        "120": 39.3,
        "121": 40.5,
        "122": 38.7,
        "123": 36.5,
        "124": 36.6,
        "125": 36.0,
        "126": 36.8,
        "127": 35.8,
        "128": 39.0,
        "129": 36.9,
        "130": 38.7,
        "131": 38.5,
        "132": 38.1,
        "133": 35.6,
        "134": 36.9,
        "135": 37.9,
        "136": 36.1,
        "137": 39.2,
        "138": 38.4,
        "139": 42.5,
        "140": 39.6,
        "141": 38.2,
        "142": 36.7,
        "143": 36.1,
        "144": 37.6,
        "145": 36.5,
        "146": 43.5,
        "147": 40.8,
        "148": 35.7,
        "149": 42.7,
        "150": 35.9,
        "151": 43.5,
        "152": 36.8,
        "153": 37.4,
        "154": 40.0,
        "155": 37.8,
        "156": 40.0,
        "157": 38.5,
        "158": 34.8,
        "159": 39.0,
        "160": 36.6,
        "161": 40.6,
        "162": 37.3,
        "163": 35.6,
        "164": 42.0,
        "165": 41.3,
        "166": 34.2,
        "167": 41.7,
        "168": 40.6,
        "169": 39.1,
        "170": 36.2,
        "171": 34.8,
        "172": 37.3,
        "173": 37.7,
        "174": 42.4,
        "175": 34.8,
        "176": 38.1,
        "177": 42.6,
        "178": 39.5,
        "179": 43.1,
        "180": 42.8,
        "181": 33.5,
        "182": 36.2,
        "183": 39.4,
        "184": 38.9,
        "185": 39.7,
        "186": 41.3,
        "187": 39.8,
        "188": 41.3,
        "189": 40.4,
        "190": 36.3,
        "191": 45.0,
        "192": 38.6,
        "193": 43.3,
        "194": 38.9,
        "195": 38.4,
        "196": 38.6,
        "197": 38.0,
        "198": 40.0,
        "199": 39.0,
        "200": 39.2,
        "201": 35.7,
        "202": 38.3,
        "203": 39.0,
        "204": 40.3,
        "205": 39.8,
        "206": 37.6,
        "207": 39.4,
        "208": 36.2,
        "209": 38.2,
        "210": 35.0,
        "211": 40.3,
        "212": 38.8,
        "213": 40.9,
        "214": 38.1,
        "215": 36.9,
        "216": 36.5,
        "217": 39.0,
        "218": 39.2,
        "219": 36.2,
        "220": 38.1,
        "221": 42.7,
        "222": 40.2,
        "223": 35.2,
        "224": 37.1,
        "225": 33.0,
        "226": 38.5,
        "227": 42.6,
        "228": 37.4,
        "229": 38.8,
        "230": 35.0,
        "231": 38.6,
        "232": 38.9,
        "233": 35.9,
        "234": 35.7,
        "235": 37.1,
        "236": 40.3,
        "237": 41.1,
        "238": 39.1,
        "239": 38.1,
        "240": 33.4,
        "241": 42.1,
        "242": 42.4,
        "243": 46.0,
        "244": 38.8,
        "245": 37.5,
        "246": 44.0,
        "247": 34.8,
        "248": 40.8,
        "249": 37.3,
        "250": 41.6,
        "251": 42.2
    },
    "15": {
        "0": 21.9,
        "1": 23.4,
        "2": 24.0,
        "3": 22.8,
        "4": 24.0,
        "5": 25.6,
        "6": 22.9,
        "7": 23.2,
        "8": 23.8,
        "9": 25.0,
        "10": 25.2,
        "11": 25.9,
        "12": 21.5,
        "13": 23.7,
        "14": 23.1,
        "15": 21.7,
        "16": 23.1,
        "17": 24.4,
        "18": 22.9,
        "19": 24.0,
        "20": 22.1,
        "21": 24.6,
        "22": 22.2,
        "23": 22.1,
        "24": 22.9,
        "25": 22.5,
        "26": 21.4,
        "27": 21.0,
        "28": 21.3,
        "29": 22.6,
        "30": 33.9,
        "31": 21.5,
        "32": 24.5,
        "33": 25.2,
        "34": 26.3,
        "35": 21.9,
        "36": 22.6,
        "37": 24.7,
        "38": 29.6,
        "39": 24.7,
        "40": 26.6,
        "41": 23.7,
        "42": 25.0,
        "43": 23.0,
        "44": 21.0,
        "45": 23.4,
        "46": 22.5,
        "47": 21.9,
        "48": 20.6,
        "49": 21.9,
        "50": 22.4,
        "51": 21.0,
        "52": 21.4,
        "53": 22.6,
        "54": 22.5,
        "55": 22.0,
        "56": 22.5,
        "57": 22.7,
        "58": 22.5,
        "59": 22.9,
        "60": 23.1,
        "61": 22.1,
        "62": 23.6,
        "63": 22.7,
        "64": 24.7,
        "65": 22.7,
        "66": 21.7,
        "67": 21.5,
        "68": 22.4,
        "69": 21.6,
        "70": 22.4,
        "71": 21.6,
        "72": 23.1,
        "73": 19.1,
        "74": 20.9,
        "75": 21.4,
        "76": 24.2,
        "77": 21.8,
        "78": 21.5,
        "79": 22.7,
        "80": 23.7,
        "81": 22.0,
        "82": 23.0,
        "83": 24.1,
        "84": 22.0,
        "85": 33.7,
        "86": 21.8,
        "87": 23.3,
        "88": 23.8,
        "89": 24.4,
        "90": 22.5,
        "91": 23.1,
        "92": 22.1,
        "93": 24.5,
        "94": 24.6,
        "95": 23.2,
        "96": 22.9,
        "97": 23.3,
        "98": 21.9,
        "99": 22.3,
        "100": 22.3,
        "101": 22.4,
        "102": 23.2,
        "103": 25.4,
        "104": 22.0,
        "105": 24.8,
        "106": 23.5,
        "107": 23.4,
        "108": 24.8,
        "109": 22.8,
        "110": 22.3,
        "111": 23.6,
        "112": 23.9,
        "113": 21.9,
        "114": 21.8,
        "115": 22.1,
        "116": 22.8,
        "117": 23.3,
        "118": 24.8,
        "119": 24.5,
        "120": 24.6,
        "121": 23.2,
        "122": 22.6,
        "123": 22.1,
        "124": 23.5,
        "125": 21.9,
        "126": 22.2,
        "127": 20.8,
        "128": 21.8,
        "129": 22.2,
        "130": 23.2,
        "131": 23.0,
        "132": 22.6,
        "133": 20.5,
        "134": 23.0,
        "135": 22.7,
        "136": 22.4,
        "137": 23.8,
        "138": 22.5,
        "139": 24.5,
        "140": 21.6,
        "141": 22.0,
        "142": 22.3,
        "143": 22.7,
        "144": 23.2,
        "145": 22.0,
        "146": 25.2,
        "147": 24.6,
        "148": 22.0,
        "149": 24.7,
        "150": 20.4,
        "151": 25.1,
        "152": 23.8,
        "153": 22.8,
        "154": 24.9,
        "155": 21.7,
        "156": 25.2,
        "157": 25.0,
        "158": 21.8,
        "159": 24.6,
        "160": 21.0,
        "161": 25.0,
        "162": 23.5,
        "163": 20.4,
        "164": 23.4,
        "165": 25.6,
        "166": 21.9,
        "167": 24.6,
        "168": 24.0,
        "169": 23.4,
        "170": 22.1,
        "171": 22.0,
        "172": 22.4,
        "173": 21.5,
        "174": 24.0,
        "175": 22.2,
        "176": 22.0,
        "177": 24.8,
        "178": 24.7,
        "179": 25.8,
        "180": 24.1,
        "181": 20.2,
        "182": 21.8,
        "183": 22.7,
        "184": 22.4,
        "185": 22.6,
        "186": 24.7,
        "187": 23.5,
        "188": 24.8,
        "189": 22.9,
        "190": 21.8,
        "191": 25.5,
        "192": 24.7,
        "193": 26.0,
        "194": 22.4,
        "195": 24.1,
        "196": 24.0,
        "197": 22.3,
        "198": 22.5,
        "199": 24.1,
        "200": 23.8,
        "201": 22.0,
        "202": 23.7,
        "203": 24.0,
        "204": 21.8,
        "205": 24.1,
        "206": 21.4,
        "207": 23.3,
        "208": 22.5,
        "209": 22.6,
        "210": 21.7,
        "211": 23.2,
        "212": 23.0,
        "213": 25.5,
        "214": 21.8,
        "215": 23.6,
        "216": 21.5,
        "217": 22.6,
        "218": 22.9,
        "219": 22.0,
        "220": 23.9,
        "221": 27.0,
        "222": 23.4,
        "223": 22.5,
        "224": 21.8,
        "225": 19.7,
        "226": 22.6,
        "227": 23.4,
        "228": 22.5,
        "229": 23.2,
        "230": 21.3,
        "231": 22.8,
        "232": 23.6,
        "233": 21.0,
        "234": 21.0,
        "235": 22.7,
        "236": 23.0,
        "237": 22.3,
        "238": 22.3,
        "239": 24.0,
        "240": 20.1,
        "241": 23.4,
        "242": 24.6,
        "243": 25.4,
        "244": 24.1,
        "245": 22.6,
        "246": 22.6,
        "247": 21.5,
        "248": 23.2,
        "249": 21.5,
        "250": 22.7,
        "251": 24.6
    },
    "16": {
        "0": 32.0,
        "1": 30.5,
        "2": 28.8,
        "3": 32.4,
        "4": 32.2,
        "5": 35.7,
        "6": 31.9,
        "7": 30.5,
        "8": 35.9,
        "9": 35.6,
        "10": 32.8,
        "11": 37.2,
        "12": 32.5,
        "13": 36.9,
        "14": 36.1,
        "15": 31.1,
        "16": 36.2,
        "17": 38.2,
        "18": 37.2,
        "19": 37.1,
        "20": 32.5,
        "21": 33.0,
        "22": 27.9,
        "23": 29.8,
        "24": 31.1,
        "25": 29.9,
        "26": 28.7,
        "27": 29.2,
        "28": 30.5,
        "29": 30.1,
        "30": 32.5,
        "31": 30.1,
        "32": 29.0,
        "33": 37.5,
        "34": 37.3,
        "35": 32.0,
        "36": 35.1,
        "37": 33.2,
        "38": 45.0,
        "39": 34.1,
        "40": 36.4,
        "41": 33.6,
        "42": 36.7,
        "43": 35.8,
        "44": 26.1,
        "45": 29.7,
        "46": 27.9,
        "47": 28.8,
        "48": 28.8,
        "49": 26.8,
        "50": 26.0,
        "51": 26.7,
        "52": 29.6,
        "53": 38.5,
        "54": 27.7,
        "55": 35.9,
        "56": 33.1,
        "57": 37.7,
        "58": 31.6,
        "59": 34.5,
        "60": 36.2,
        "61": 32.5,
        "62": 32.7,
        "63": 33.6,
        "64": 35.3,
        "65": 34.8,
        "66": 29.6,
        "67": 32.8,
        "68": 32.6,
        "69": 27.3,
        "70": 31.5,
        "71": 30.3,
        "72": 29.7,
        "73": 29.3,
        "74": 29.4,
        "75": 29.3,
        "76": 30.2,
        "77": 30.8,
        "78": 31.4,
        "79": 30.3,
        "80": 29.4,
        "81": 29.9,
        "82": 34.3,
        "83": 31.2,
        "84": 29.7,
        "85": 32.4,
        "86": 32.6,
        "87": 29.2,
        "88": 30.2,
        "89": 28.8,
        "90": 29.1,
        "91": 31.4,
        "92": 30.1,
        "93": 33.3,
        "94": 30.3,
        "95": 32.9,
        "96": 31.6,
        "97": 30.6,
        "98": 31.6,
        "99": 35.3,
        "100": 32.2,
        "101": 27.9,
        "102": 31.0,
        "103": 31.0,
        "104": 30.1,
        "105": 31.0,
        "106": 30.5,
        "107": 35.1,
        "108": 35.1,
        "109": 32.1,
        "110": 33.3,
        "111": 33.5,
        "112": 35.3,
        "113": 30.7,
        "114": 31.8,
        "115": 29.8,
        "116": 29.9,
        "117": 33.4,
        "118": 33.6,
        "119": 32.1,
        "120": 33.9,
        "121": 33.0,
        "122": 34.4,
        "123": 30.6,
        "124": 34.4,
        "125": 35.6,
        "126": 33.8,
        "127": 33.9,
        "128": 33.3,
        "129": 31.6,
        "130": 27.5,
        "131": 31.2,
        "132": 33.5,
        "133": 33.6,
        "134": 34.0,
        "135": 30.9,
        "136": 32.7,
        "137": 34.3,
        "138": 31.7,
        "139": 35.5,
        "140": 30.8,
        "141": 32.0,
        "142": 31.6,
        "143": 30.5,
        "144": 31.8,
        "145": 33.5,
        "146": 36.1,
        "147": 33.3,
        "148": 25.8,
        "149": 36.0,
        "150": 31.6,
        "151": 38.5,
        "152": 27.8,
        "153": 30.6,
        "154": 33.7,
        "155": 32.2,
        "156": 35.2,
        "157": 31.6,
        "158": 27.0,
        "159": 30.1,
        "160": 27.0,
        "161": 31.3,
        "162": 33.5,
        "163": 28.3,
        "164": 34.0,
        "165": 36.4,
        "166": 30.2,
        "167": 37.2,
        "168": 36.1,
        "169": 32.5,
        "170": 30.4,
        "171": 24.8,
        "172": 31.0,
        "173": 32.4,
        "174": 35.4,
        "175": 31.0,
        "176": 31.5,
        "177": 34.4,
        "178": 34.8,
        "179": 39.1,
        "180": 35.6,
        "181": 27.7,
        "182": 31.4,
        "183": 30.0,
        "184": 30.5,
        "185": 32.9,
        "186": 37.2,
        "187": 36.4,
        "188": 36.6,
        "189": 33.4,
        "190": 29.6,
        "191": 37.1,
        "192": 34.0,
        "193": 33.7,
        "194": 31.7,
        "195": 32.9,
        "196": 31.2,
        "197": 30.8,
        "198": 30.6,
        "199": 33.8,
        "200": 31.7,
        "201": 29.4,
        "202": 32.1,
        "203": 32.9,
        "204": 34.8,
        "205": 37.3,
        "206": 33.1,
        "207": 36.7,
        "208": 31.4,
        "209": 29.0,
        "210": 30.9,
        "211": 36.8,
        "212": 29.5,
        "213": 32.7,
        "214": 28.6,
        "215": 34.7,
        "216": 31.3,
        "217": 27.5,
        "218": 35.7,
        "219": 28.5,
        "220": 31.4,
        "221": 38.4,
        "222": 27.9,
        "223": 29.4,
        "224": 34.1,
        "225": 25.3,
        "226": 33.4,
        "227": 33.2,
        "228": 34.6,
        "229": 32.4,
        "230": 31.7,
        "231": 31.8,
        "232": 30.9,
        "233": 27.8,
        "234": 31.3,
        "235": 30.3,
        "236": 32.6,
        "237": 35.1,
        "238": 29.8,
        "239": 35.9,
        "240": 28.5,
        "241": 34.9,
        "242": 35.6,
        "243": 35.3,
        "244": 32.1,
        "245": 29.2,
        "246": 37.5,
        "247": 25.6,
        "248": 35.2,
        "249": 31.3,
        "250": 30.5,
        "251": 33.7
    },
    "17": {
        "0": 27.4,
        "1": 28.9,
        "2": 25.2,
        "3": 29.4,
        "4": 27.7,
        "5": 30.6,
        "6": 27.8,
        "7": 29.0,
        "8": 31.1,
        "9": 30.0,
        "10": 29.4,
        "11": 30.2,
        "12": 28.6,
        "13": 31.6,
        "14": 30.5,
        "15": 26.4,
        "16": 30.8,
        "17": 31.6,
        "18": 30.5,
        "19": 30.1,
        "20": 30.3,
        "21": 32.8,
        "22": 25.9,
        "23": 26.7,
        "24": 28.0,
        "25": 28.2,
        "26": 27.0,
        "27": 26.6,
        "28": 27.9,
        "29": 26.7,
        "30": 27.7,
        "31": 26.4,
        "32": 30.0,
        "33": 31.5,
        "34": 31.7,
        "35": 29.8,
        "36": 30.6,
        "37": 30.5,
        "38": 29.0,
        "39": 31.0,
        "40": 32.7,
        "41": 28.7,
        "42": 29.8,
        "43": 31.5,
        "44": 23.1,
        "45": 27.4,
        "46": 26.2,
        "47": 26.8,
        "48": 25.5,
        "49": 25.8,
        "50": 25.8,
        "51": 26.1,
        "52": 26.0,
        "53": 27.4,
        "54": 27.5,
        "55": 30.2,
        "56": 28.3,
        "57": 30.9,
        "58": 28.8,
        "59": 29.6,
        "60": 31.8,
        "61": 29.8,
        "62": 29.9,
        "63": 29.0,
        "64": 31.1,
        "65": 30.1,
        "66": 27.4,
        "67": 27.4,
        "68": 28.1,
        "69": 27.1,
        "70": 27.3,
        "71": 27.3,
        "72": 27.3,
        "73": 25.7,
        "74": 27.0,
        "75": 27.0,
        "76": 29.2,
        "77": 25.7,
        "78": 26.8,
        "79": 28.7,
        "80": 27.2,
        "81": 25.2,
        "82": 29.6,
        "83": 27.3,
        "84": 26.3,
        "85": 27.7,
        "86": 28.0,
        "87": 28.4,
        "88": 29.3,
        "89": 29.6,
        "90": 27.7,
        "91": 28.4,
        "92": 28.2,
        "93": 29.6,
        "94": 27.9,
        "95": 30.8,
        "96": 30.1,
        "97": 27.8,
        "98": 27.5,
        "99": 30.9,
        "100": 31.0,
        "101": 26.2,
        "102": 29.2,
        "103": 30.3,
        "104": 27.2,
        "105": 29.4,
        "106": 28.5,
        "107": 29.6,
        "108": 30.7,
        "109": 26.0,
        "110": 28.2,
        "111": 27.8,
        "112": 31.1,
        "113": 27.6,
        "114": 27.3,
        "115": 26.3,
        "116": 28.0,
        "117": 29.8,
        "118": 29.5,
        "119": 28.6,
        "120": 31.2,
        "121": 29.6,
        "122": 28.0,
        "123": 27.5,
        "124": 29.2,
        "125": 30.2,
        "126": 30.3,
        "127": 28.2,
        "128": 29.6,
        "129": 27.8,
        "130": 26.5,
        "131": 28.4,
        "132": 28.6,
        "133": 29.3,
        "134": 29.8,
        "135": 28.8,
        "136": 28.3,
        "137": 28.4,
        "138": 27.4,
        "139": 29.8,
        "140": 27.9,
        "141": 28.5,
        "142": 27.5,
        "143": 27.2,
        "144": 29.7,
        "145": 28.3,
        "146": 30.3,
        "147": 29.7,
        "148": 25.2,
        "149": 30.4,
        "150": 29.0,
        "151": 33.8,
        "152": 26.3,
        "153": 28.3,
        "154": 29.2,
        "155": 27.7,
        "156": 30.7,
        "157": 28.0,
        "158": 34.9,
        "159": 28.2,
        "160": 26.3,
        "161": 29.2,
        "162": 30.6,
        "163": 26.2,
        "164": 31.2,
        "165": 33.7,
        "166": 28.7,
        "167": 33.1,
        "168": 31.8,
        "169": 29.8,
        "170": 27.4,
        "171": 25.9,
        "172": 28.7,
        "173": 28.4,
        "174": 21.0,
        "175": 26.9,
        "176": 26.6,
        "177": 29.5,
        "178": 30.3,
        "179": 32.5,
        "180": 29.0,
        "181": 24.6,
        "182": 28.3,
        "183": 26.4,
        "184": 28.9,
        "185": 29.3,
        "186": 31.8,
        "187": 30.4,
        "188": 32.4,
        "189": 29.2,
        "190": 27.3,
        "191": 31.2,
        "192": 30.1,
        "193": 29.9,
        "194": 27.1,
        "195": 29.8,
        "196": 27.3,
        "197": 27.8,
        "198": 30.0,
        "199": 28.8,
        "200": 28.4,
        "201": 26.6,
        "202": 28.9,
        "203": 29.2,
        "204": 30.7,
        "205": 23.1,
        "206": 29.5,
        "207": 31.6,
        "208": 27.5,
        "209": 26.2,
        "210": 28.8,
        "211": 31.0,
        "212": 27.9,
        "213": 30.0,
        "214": 26.7,
        "215": 29.1,
        "216": 26.3,
        "217": 25.9,
        "218": 30.4,
        "219": 25.7,
        "220": 29.9,
        "221": 32.0,
        "222": 27.0,
        "223": 26.8,
        "224": 31.1,
        "225": 22.0,
        "226": 29.3,
        "227": 30.0,
        "228": 30.1,
        "229": 29.7,
        "230": 27.3,
        "231": 29.1,
        "232": 29.6,
        "233": 26.1,
        "234": 28.7,
        "235": 26.3,
        "236": 28.5,
        "237": 29.6,
        "238": 28.9,
        "239": 30.5,
        "240": 24.8,
        "241": 30.1,
        "242": 30.7,
        "243": 29.8,
        "244": 29.3,
        "245": 27.3,
        "246": 32.6,
        "247": 25.7,
        "248": 28.6,
        "249": 27.2,
        "250": 29.4,
        "251": 30.0
    },
    "18": {
        "0": 17.1,
        "1": 18.2,
        "2": 16.6,
        "3": 18.2,
        "4": 17.7,
        "5": 18.8,
        "6": 17.7,
        "7": 18.8,
        "8": 18.2,
        "9": 19.2,
        "10": 18.5,
        "11": 19.0,
        "12": 17.7,
        "13": 18.8,
        "14": 18.2,
        "15": 16.9,
        "16": 17.3,
        "17": 19.3,
        "18": 18.5,
        "19": 18.2,
        "20": 18.4,
        "21": 19.9,
        "22": 16.7,
        "23": 17.1,
        "24": 17.6,
        "25": 17.7,
        "26": 16.5,
        "27": 17.0,
        "28": 17.2,
        "29": 17.6,
        "30": 18.4,
        "31": 17.9,
        "32": 18.8,
        "33": 18.7,
        "34": 19.7,
        "35": 17.0,
        "36": 19.0,
        "37": 19.4,
        "38": 21.4,
        "39": 18.3,
        "40": 21.4,
        "41": 17.4,
        "42": 18.4,
        "43": 18.8,
        "44": 16.1,
        "45": 18.3,
        "46": 17.3,
        "47": 17.9,
        "48": 16.3,
        "49": 16.8,
        "50": 17.3,
        "51": 17.2,
        "52": 16.9,
        "53": 18.5,
        "54": 18.5,
        "55": 18.9,
        "56": 18.5,
        "57": 19.2,
        "58": 18.2,
        "59": 18.5,
        "60": 20.2,
        "61": 18.3,
        "62": 19.1,
        "63": 18.8,
        "64": 18.4,
        "65": 18.7,
        "66": 17.4,
        "67": 18.7,
        "68": 18.1,
        "69": 17.3,
        "70": 18.6,
        "71": 18.3,
        "72": 18.2,
        "73": 16.9,
        "74": 16.8,
        "75": 18.3,
        "76": 18.1,
        "77": 18.8,
        "78": 18.3,
        "79": 19.0,
        "80": 19.0,
        "81": 17.7,
        "82": 19.0,
        "83": 19.2,
        "84": 18.0,
        "85": 18.2,
        "86": 18.8,
        "87": 18.1,
        "88": 18.8,
        "89": 18.7,
        "90": 17.7,
        "91": 18.8,
        "92": 18.4,
        "93": 19.1,
        "94": 17.8,
        "95": 20.4,
        "96": 18.5,
        "97": 18.2,
        "98": 18.2,
        "99": 18.3,
        "100": 18.6,
        "101": 17.0,
        "102": 18.4,
        "103": 19.7,
        "104": 17.7,
        "105": 18.8,
        "106": 18.1,
        "107": 19.1,
        "108": 19.2,
        "109": 17.3,
        "110": 18.1,
        "111": 17.4,
        "112": 19.8,
        "113": 17.4,
        "114": 17.5,
        "115": 17.3,
        "116": 18.1,
        "117": 19.5,
        "118": 18.5,
        "119": 18.0,
        "120": 19.5,
        "121": 18.4,
        "122": 17.6,
        "123": 17.6,
        "124": 18.0,
        "125": 17.6,
        "126": 17.2,
        "127": 17.4,
        "128": 18.1,
        "129": 17.7,
        "130": 17.6,
        "131": 17.1,
        "132": 17.9,
        "133": 17.3,
        "134": 18.1,
        "135": 17.6,
        "136": 17.1,
        "137": 17.7,
        "138": 17.6,
        "139": 18.7,
        "140": 16.6,
        "141": 17.8,
        "142": 17.9,
        "143": 18.2,
        "144": 18.3,
        "145": 17.3,
        "146": 18.7,
        "147": 18.4,
        "148": 16.9,
        "149": 18.4,
        "150": 17.8,
        "151": 19.6,
        "152": 17.4,
        "153": 17.9,
        "154": 19.4,
        "155": 17.7,
        "156": 19.1,
        "157": 18.6,
        "158": 16.9,
        "159": 18.2,
        "160": 16.5,
        "161": 19.1,
        "162": 19.7,
        "163": 16.5,
        "164": 18.5,
        "165": 19.4,
        "166": 17.7,
        "167": 19.8,
        "168": 18.8,
        "169": 17.4,
        "170": 17.7,
        "171": 16.9,
        "172": 17.7,
        "173": 17.8,
        "174": 20.1,
        "175": 16.9,
        "176": 16.7,
        "177": 18.4,
        "178": 18.1,
        "179": 19.9,
        "180": 19.0,
        "181": 16.5,
        "182": 17.2,
        "183": 17.4,
        "184": 17.7,
        "185": 18.2,
        "186": 20.0,
        "187": 19.1,
        "188": 18.8,
        "189": 18.5,
        "190": 17.9,
        "191": 19.9,
        "192": 18.7,
        "193": 18.5,
        "194": 17.1,
        "195": 18.8,
        "196": 17.4,
        "197": 16.9,
        "198": 18.5,
        "199": 18.8,
        "200": 18.6,
        "201": 17.4,
        "202": 18.7,
        "203": 18.4,
        "204": 17.4,
        "205": 19.4,
        "206": 17.3,
        "207": 18.4,
        "208": 17.7,
        "209": 17.6,
        "210": 17.4,
        "211": 18.9,
        "212": 18.6,
        "213": 19.0,
        "214": 18.0,
        "215": 18.4,
        "216": 17.8,
        "217": 18.6,
        "218": 19.2,
        "219": 17.1,
        "220": 18.9,
        "221": 19.6,
        "222": 17.8,
        "223": 17.0,
        "224": 19.2,
        "225": 15.8,
        "226": 18.8,
        "227": 18.4,
        "228": 18.8,
        "229": 19.0,
        "230": 16.9,
        "231": 19.0,
        "232": 18.0,
        "233": 17.6,
        "234": 18.3,
        "235": 18.3,
        "236": 19.0,
        "237": 18.5,
        "238": 18.3,
        "239": 19.1,
        "240": 16.5,
        "241": 19.4,
        "242": 19.5,
        "243": 19.5,
        "244": 18.5,
        "245": 18.5,
        "246": 18.8,
        "247": 18.5,
        "248": 20.1,
        "249": 18.0,
        "250": 19.8,
        "251": 20.9
    }
}
